{u'rating': 9.3, u'tconst': u'tt0111161', u'title': u'The Shawshank Redemption', u'image': {u'url': u'http://ia.media-imdb.com/images/M/MV5BODU4MjU4NjIwNl5BMl5BanBnXkFtZTgwMDU2MjEyMDE@._V1_.jpg', u'width': 933, u'height': 1388}, u'num_votes': 1642710, u'year': u'1994', u'can_rate': True, u'type': u'feature'}
{u'rating': 9.2, u'tconst': u'tt0068646', u'title': u'The Godfather', u'image': {u'url': u'http://ia.media-imdb.com/images/M/MV5BMjEyMjcyNDI4MF5BMl5BanBnXkFtZTcwMDA5Mzg3OA@@._V1_.jpg', u'width': 333, u'height': 500}, u'num_votes': 1124511, u'year': u'1972', u'can_rate': True, u'type': u'feature'}
{u'rating': 9, u'tconst': u'tt0071562', u'title': u'The Godfather: Part II', u'image': {u'url': u'http://ia.media-imdb.com/images/M/MV5BNDc2NTM3MzU1Nl5BMl5BanBnXkFtZTcwMTA5Mzg3OA@@._V1_.jpg', u'width': 333, u'height': 500}, u'num_votes': 767179, u'year': u'1974', u'can_rate': True, u'type': u'feature'}
{u'rating': 9, u'tconst': u'tt0468569', u'title': u'The Dark Knight', u'image': {u'url': u'http://ia.media-imdb.com/images/M/MV5BMTMxNTMwODM0NF5BMl5BanBnXkFtZTcwODAyMTk2Mw@@._V1_.jpg', u'width': 1383, u'height': 2048}, u'num_votes': 1627258, u'year': u'2008', u'can_rate': True, u'type': u'feature'}
{u'rating': 8.9, u'tconst': u'tt0108052', u'title': u"Schindler's List", u'image': {u'url': u'http://ia.media-imdb.com/images/M/MV5BMzMwMTM4MDU2N15BMl5BanBnXkFtZTgwMzQ0MjMxMDE@._V1_.jpg', u'width': 439, u'height': 679}, u'num_votes': 839753, u'year': u'1993', u'can_rate': True, u'type': u'feature'}
{u'rating': 8.9, u'tconst': u'tt0050083', u'title': u'12 Angry Men', u'image': {u'url': u'http://ia.media-imdb.com/images/M/MV5BODQwOTc5MDM2N15BMl5BanBnXkFtZTcwODQxNTEzNA@@._V1_.jpg', u'width': 682, u'height': 1023}, u'num_votes': 432040, u'year': u'1957', u'can_rate': True, u'type': u'feature'}
{u'rating': 8.9, u'tconst': u'tt0110912', u'title': u'Pulp Fiction', u'image': {u'url': u'http://ia.media-imdb.com/images/M/MV5BMTkxMTA5OTAzMl5BMl5BanBnXkFtZTgwNjA5MDc3NjE@._V1_.jpg', u'width': 1010, u'height': 1500}, u'num_votes': 1287183, u'year': u'1994', u'can_rate': True, u'type': u'feature'}
{u'rating': 8.9, u'tconst': u'tt0167260', u'title': u'The Lord of the Rings: The Return of the King', u'image': {u'url': u'http://ia.media-imdb.com/images/M/MV5BMjE4MjA1NTAyMV5BMl5BanBnXkFtZTcwNzM1NDQyMQ@@._V1_.jpg', u'width': 350, u'height': 519}, u'num_votes': 1182069, u'year': u'2003', u'can_rate': True, u'type': u'feature'}
{u'rating': 8.9, u'tconst': u'tt0060196', u'title': u'The Good, the Bad and the Ugly', u'image': {u'url': u'http://ia.media-imdb.com/images/M/MV5BOTQ5NDI3MTI4MF5BMl5BanBnXkFtZTgwNDQ4ODE5MDE@._V1_.jpg', u'width': 1344, u'height': 2048}, u'num_votes': 489737, u'year': u'1966', u'can_rate': True, u'type': u'feature'}
{u'rating': 8.9, u'tconst': u'tt0137523', u'title': u'Fight Club', u'image': {u'url': u'http://ia.media-imdb.com/images/M/MV5BMjIwNTYzMzE1M15BMl5BanBnXkFtZTcwOTE5Mzg3OA@@._V1_.jpg', u'width': 336, u'height': 500}, u'num_votes': 1306397, u'year': u'1999', u'can_rate': True, u'type': u'feature'}
{u'rating': 8.8, u'tconst': u'tt0120737', u'title': u'The Lord of the Rings: The Fellowship of the Ring', u'image': {u'url': u'http://ia.media-imdb.com/images/M/MV5BNTEyMjAwMDU1OV5BMl5BanBnXkFtZTcwNDQyNTkxMw@@._V1_.jpg', u'width': 342, u'height': 500}, u'num_votes': 1205606, u'year': u'2001', u'can_rate': True, u'type': u'feature'}
{u'rating': 8.8, u'tconst': u'tt0080684', u'title': u'Star Wars: Episode V - The Empire Strikes Back', u'image': {u'url': u'http://ia.media-imdb.com/images/M/MV5BMjE2MzQwMTgxN15BMl5BanBnXkFtZTcwMDQzNjk2OQ@@._V1_.jpg', u'width': 338, u'height': 500}, u'num_votes': 810670, u'year': u'1980', u'can_rate': True, u'type': u'feature'}
{u'rating': 8.8, u'tconst': u'tt0109830', u'title': u'Forrest Gump', u'image': {u'url': u'http://ia.media-imdb.com/images/M/MV5BMTI1Nzk1MzQwMV5BMl5BanBnXkFtZTYwODkxOTA5._V1_.jpg', u'width': 331, u'height': 475}, u'num_votes': 1209224, u'year': u'1994', u'can_rate': True, u'type': u'feature'}
{u'rating': 8.8, u'tconst': u'tt1375666', u'title': u'Inception', u'image': {u'url': u'http://ia.media-imdb.com/images/M/MV5BMjAxMzY3NjcxNF5BMl5BanBnXkFtZTcwNTI5OTM0Mw@@._V1_.jpg', u'width': 700, u'height': 1037}, u'num_votes': 1422050, u'year': u'2010', u'can_rate': True, u'type': u'feature'}
{u'rating': 8.7, u'tconst': u'tt0167261', u'title': u'The Lord of the Rings: The Two Towers', u'image': {u'url': u'http://ia.media-imdb.com/images/M/MV5BMTAyNDU0NjY4NTheQTJeQWpwZ15BbWU2MDk4MTY2Nw@@._V1_.jpg', u'width': 350, u'height': 512}, u'num_votes': 1068749, u'year': u'2002', u'can_rate': True, u'type': u'feature'}
{u'rating': 8.7, u'tconst': u'tt0073486', u'title': u"One Flew Over the Cuckoo's Nest", u'image': {u'url': u'http://ia.media-imdb.com/images/M/MV5BMTk5OTA4NTc0NF5BMl5BanBnXkFtZTcwNzI5Mzg3OA@@._V1_.jpg', u'width': 375, u'height': 500}, u'num_votes': 662127, u'year': u'1975', u'can_rate': True, u'type': u'feature'}
{u'rating': 8.7, u'tconst': u'tt0099685', u'title': u'Goodfellas', u'image': {u'url': u'http://ia.media-imdb.com/images/M/MV5BMTY2OTE5MzQ3MV5BMl5BanBnXkFtZTgwMTY2NTYxMTE@._V1_.jpg', u'width': 337, u'height': 500}, u'num_votes': 707892, u'year': u'1990', u'can_rate': True, u'type': u'feature'}
{u'rating': 8.7, u'tconst': u'tt0133093', u'title': u'The Matrix', u'image': {u'url': u'http://ia.media-imdb.com/images/M/MV5BMTkxNDYxOTA4M15BMl5BanBnXkFtZTgwNTk0NzQxMTE@._V1_.jpg', u'width': 334, u'height': 500}, u'num_votes': 1182998, u'year': u'1999', u'can_rate': True, u'type': u'feature'}
{u'rating': 8.7, u'tconst': u'tt0047478', u'title': u'Seven Samurai', u'image': {u'url': u'http://ia.media-imdb.com/images/M/MV5BMTc5MDY1MjU5MF5BMl5BanBnXkFtZTgwNDM2OTE4MzE@._V1_.jpg', u'width': 1354, u'height': 1900}, u'num_votes': 223181, u'year': u'1954', u'can_rate': True, u'type': u'feature'}
{u'rating': 8.7, u'tconst': u'tt0076759', u'title': u'Star Wars', u'image': {u'url': u'http://ia.media-imdb.com/images/M/MV5BOTIyMDY2NGQtOGJjNi00OTk4LWFhMDgtYmE3M2NiYzM0YTVmXkEyXkFqcGdeQXVyNTU1NTcwOTk@._V1_.jpg', u'width': 831, u'height': 1270}, u'num_votes': 884368, u'year': u'1977', u'can_rate': True, u'type': u'feature'}
{u'rating': 8.7, u'tconst': u'tt0317248', u'title': u'City of God', u'image': {u'url': u'http://ia.media-imdb.com/images/M/MV5BMjA4ODQ3ODkzNV5BMl5BanBnXkFtZTYwOTc4NDI3._V1_.jpg', u'width': 400, u'height': 593}, u'num_votes': 519578, u'year': u'2002', u'can_rate': True, u'type': u'feature'}
{u'rating': 8.6, u'tconst': u'tt0114369', u'title': u'Se7en', u'image': {u'url': u'http://ia.media-imdb.com/images/M/MV5BMTQwNTU3MTE4NF5BMl5BanBnXkFtZTcwOTgxNDM2Mg@@._V1_.jpg', u'width': 326, u'height': 500}, u'num_votes': 992742, u'year': u'1995', u'can_rate': True, u'type': u'feature'}
{u'rating': 8.6, u'tconst': u'tt0102926', u'title': u'The Silence of the Lambs', u'image': {u'url': u'http://ia.media-imdb.com/images/M/MV5BMTQ2NzkzMDI4OF5BMl5BanBnXkFtZTcwMDA0NzE1NA@@._V1_.jpg', u'width': 682, u'height': 1023}, u'num_votes': 858742, u'year': u'1991', u'can_rate': True, u'type': u'feature'}
{u'rating': 8.6, u'tconst': u'tt0038650', u'title': u"It's a Wonderful Life", u'image': {u'url': u'http://ia.media-imdb.com/images/M/MV5BMTMzMzY5NDc4M15BMl5BanBnXkFtZTcwMzc4NjIxNw@@._V1_.jpg', u'width': 1372, u'height': 2048}, u'num_votes': 268308, u'year': u'1946', u'can_rate': True, u'type': u'feature'}
{u'rating': 8.6, u'tconst': u'tt0114814', u'title': u'The Usual Suspects', u'image': {u'url': u'http://ia.media-imdb.com/images/M/MV5BMzI1MjI5MDQyOV5BMl5BanBnXkFtZTcwNzE4Mjg3NA@@._V1_.jpg', u'width': 682, u'height': 1023}, u'num_votes': 720213, u'year': u'1995', u'can_rate': True, u'type': u'feature'}
{u'rating': 8.6, u'tconst': u'tt0118799', u'title': u'Life Is Beautiful', u'image': {u'url': u'http://ia.media-imdb.com/images/M/MV5BMTQwMTM2MjE4Ml5BMl5BanBnXkFtZTgwODQ2NTYxMTE@._V1_.jpg', u'width': 334, u'height': 500}, u'num_votes': 405527, u'year': u'1997', u'can_rate': True, u'type': u'feature'}
{u'rating': 8.6, u'tconst': u'tt0110413', u'title': u'L\xe9on: The Professional', u'image': {u'url': u'http://ia.media-imdb.com/images/M/MV5BMTgzMzg4MDkwNF5BMl5BanBnXkFtZTcwODAwNDg3OA@@._V1_.jpg', u'width': 350, u'height': 500}, u'num_votes': 703934, u'year': u'1994', u'can_rate': True, u'type': u'feature'}
{u'rating': 8.6, u'tconst': u'tt0064116', u'title': u'Once Upon a Time in the West', u'image': {u'url': u'http://ia.media-imdb.com/images/M/MV5BMTEyODQzNDkzNjVeQTJeQWpwZ15BbWU4MDgyODk1NDEx._V1_.jpg', u'width': 352, u'height': 500}, u'num_votes': 210186, u'year': u'1968', u'can_rate': True, u'type': u'feature'}
{u'rating': 8.6, u'tconst': u'tt0245429', u'title': u'Spirited Away', u'image': {u'url': u'http://ia.media-imdb.com/images/M/MV5BMjYxMDcyMzIzNl5BMl5BanBnXkFtZTYwNDg2MDU3._V1_.jpg', u'width': 450, u'height': 635}, u'num_votes': 402551, u'year': u'2001', u'can_rate': True, u'type': u'feature'}
{u'rating': 8.6, u'tconst': u'tt0120815', u'title': u'Saving Private Ryan', u'image': {u'url': u'http://ia.media-imdb.com/images/M/MV5BNjczODkxNTAxN15BMl5BanBnXkFtZTcwMTcwNjUxMw@@._V1_.jpg', u'width': 368, u'height': 500}, u'num_votes': 854543, u'year': u'1998', u'can_rate': True, u'type': u'feature'}
{u'rating': 8.6, u'tconst': u'tt0816692', u'title': u'Interstellar', u'image': {u'url': u'http://ia.media-imdb.com/images/M/MV5BMjIxNTU4MzY4MF5BMl5BanBnXkFtZTgwMzM4ODI3MjE@._V1_.jpg', u'width': 1311, u'height': 2048}, u'num_votes': 881103, u'year': u'2014', u'can_rate': True, u'type': u'feature'}
{u'rating': 8.6, u'tconst': u'tt0120586', u'title': u'American History X', u'image': {u'url': u'http://ia.media-imdb.com/images/M/MV5BMjMzNDUwNTIyMF5BMl5BanBnXkFtZTcwNjMwNDg3OA@@._V1_.jpg', u'width': 391, u'height': 500}, u'num_votes': 762169, u'year': u'1998', u'can_rate': True, u'type': u'feature'}
{u'rating': 8.6, u'tconst': u'tt0034583', u'title': u'Casablanca', u'image': {u'url': u'http://ia.media-imdb.com/images/M/MV5BMjQwNDYyNTk2N15BMl5BanBnXkFtZTgwMjQ0OTMyMjE@._V1_.jpg', u'width': 334, u'height': 500}, u'num_votes': 378209, u'year': u'1942', u'can_rate': True, u'type': u'feature'}
{u'rating': 8.6, u'tconst': u'tt0021749', u'title': u'City Lights', u'image': {u'url': u'http://ia.media-imdb.com/images/M/MV5BMjA3NDQ5MDMzOV5BMl5BanBnXkFtZTgwODY2MjcyMjE@._V1_.jpg', u'width': 320, u'height': 476}, u'num_votes': 104249, u'year': u'1931', u'can_rate': True, u'type': u'feature'}
{u'rating': 8.5, u'tconst': u'tt0054215', u'title': u'Psycho', u'image': {u'url': u'http://ia.media-imdb.com/images/M/MV5BMTgzMzM3NDY0NF5BMl5BanBnXkFtZTgwNDgwNDgwNzE@._V1_.jpg', u'width': 978, u'height': 1500}, u'num_votes': 409428, u'year': u'1960', u'can_rate': True, u'type': u'feature'}
{u'rating': 8.5, u'tconst': u'tt0082971', u'title': u'Raiders of the Lost Ark', u'image': {u'url': u'http://ia.media-imdb.com/images/M/MV5BMjA0ODEzMTc1Nl5BMl5BanBnXkFtZTcwODM2MjAxNA@@._V1_.jpg', u'width': 1021, u'height': 1536}, u'num_votes': 643249, u'year': u'1981', u'can_rate': True, u'type': u'feature'}
{u'rating': 8.5, u'tconst': u'tt0047396', u'title': u'Rear Window', u'image': {u'url': u'http://ia.media-imdb.com/images/M/MV5BMjAxNDM0NTcyOV5BMl5BanBnXkFtZTgwODE1NjM0MTE@._V1_.jpg', u'width': 332, u'height': 500}, u'num_votes': 307098, u'year': u'1954', u'can_rate': True, u'type': u'feature'}
{u'rating': 8.6, u'tconst': u'tt1675434', u'title': u'The Intouchables', u'image': {u'url': u'http://ia.media-imdb.com/images/M/MV5BMTYxNDA3MDQwNl5BMl5BanBnXkFtZTcwNTU4Mzc1Nw@@._V1_.jpg', u'width': 1382, u'height': 2048}, u'num_votes': 483219, u'year': u'2011', u'can_rate': True, u'type': u'feature'}
{u'rating': 8.6, u'tconst': u'tt0027977', u'title': u'Modern Times', u'image': {u'url': u'http://ia.media-imdb.com/images/M/MV5BMjAyMTkxNjI5OF5BMl5BanBnXkFtZTYwMjI2MjA5._V1_.jpg', u'width': 347, u'height': 475}, u'num_votes': 137641, u'year': u'1936', u'can_rate': True, u'type': u'feature'}
{u'rating': 8.5, u'tconst': u'tt0120689', u'title': u'The Green Mile', u'image': {u'url': u'http://ia.media-imdb.com/images/M/MV5BMTUxMzQyNjA5MF5BMl5BanBnXkFtZTYwOTU2NTY3._V1_.jpg', u'width': 500, u'height': 740}, u'num_votes': 756523, u'year': u'1999', u'can_rate': True, u'type': u'feature'}
{u'rating': 8.5, u'tconst': u'tt0103064', u'title': u'Terminator 2: Judgment Day', u'image': {u'url': u'http://ia.media-imdb.com/images/M/MV5BMTI4MDAwMDY3N15BMl5BanBnXkFtZTcwODIwMzMzMQ@@._V1._CR46,1,342,473_.jpg', u'width': 342, u'height': 473}, u'num_votes': 724302, u'year': u'1991', u'can_rate': True, u'type': u'feature'}
{u'rating': 8.5, u'tconst': u'tt0253474', u'title': u'The Pianist', u'image': {u'url': u'http://ia.media-imdb.com/images/M/MV5BMTc4OTkyOTA3OF5BMl5BanBnXkFtZTYwMDIxNjk5._V1_.jpg', u'width': 315, u'height': 475}, u'num_votes': 482232, u'year': u'2002', u'can_rate': True, u'type': u'feature'}
{u'rating': 8.5, u'tconst': u'tt0407887', u'title': u'The Departed', u'image': {u'url': u'http://ia.media-imdb.com/images/M/MV5BMTI1MTY2OTIxNV5BMl5BanBnXkFtZTYwNjQ4NjY3._V1_.jpg', u'width': 450, u'height': 665}, u'num_votes': 847761, u'year': u'2006', u'can_rate': True, u'type': u'feature'}
{u'rating': 8.5, u'tconst': u'tt0088763', u'title': u'Back to the Future', u'image': {u'url': u'http://ia.media-imdb.com/images/M/MV5BMjA5NTYzMDMyM15BMl5BanBnXkFtZTgwNjU3NDU2MTE@._V1_.jpg', u'width': 1312, u'height': 2048}, u'num_votes': 707892, u'year': u'1985', u'can_rate': True, u'type': u'feature'}
{u'rating': 8.5, u'tconst': u'tt2582802', u'title': u'Whiplash', u'image': {u'url': u'http://ia.media-imdb.com/images/M/MV5BMTU4OTQ3MDUyMV5BMl5BanBnXkFtZTgwOTA2MjU0MjE@._V1_.jpg', u'width': 509, u'height': 755}, u'num_votes': 371573, u'year': u'2014', u'can_rate': True, u'type': u'feature'}
{u'rating': 8.5, u'tconst': u'tt0172495', u'title': u'Gladiator', u'image': {u'url': u'http://ia.media-imdb.com/images/M/MV5BMTgwMzQzNTQ1Ml5BMl5BanBnXkFtZTgwMDY2NTYxMTE@._V1_.jpg', u'width': 930, u'height': 1377}, u'num_votes': 954556, u'year': u'2000', u'can_rate': True, u'type': u'feature'}
{u'rating': 8.5, u'tconst': u'tt0209144', u'title': u'Memento', u'image': {u'url': u'http://ia.media-imdb.com/images/M/MV5BMTc4MjUxNDAwN15BMl5BanBnXkFtZTcwMDMwNDg3OA@@._V1_.jpg', u'width': 375, u'height': 500}, u'num_votes': 823010, u'year': u'2000', u'can_rate': True, u'type': u'feature'}
{u'rating': 8.5, u'tconst': u'tt0078788', u'title': u'Apocalypse Now', u'image': {u'url': u'http://ia.media-imdb.com/images/M/MV5BMTcyMzQ5NDM4OV5BMl5BanBnXkFtZTcwODUwNDg3OA@@._V1_.jpg', u'width': 375, u'height': 500}, u'num_votes': 439546, u'year': u'1979', u'can_rate': True, u'type': u'feature'}
{u'rating': 8.5, u'tconst': u'tt0482571', u'title': u'The Prestige', u'image': {u'url': u'http://ia.media-imdb.com/images/M/MV5BMjA4NDI0MTIxNF5BMl5BanBnXkFtZTYwNTM0MzY2._V1_.jpg', u'width': 450, u'height': 667}, u'num_votes': 816531, u'year': u'2006', u'can_rate': True, u'type': u'feature'}
{u'rating': 8.5, u'tconst': u'tt0057012', u'title': u'Dr. Strangelove or: How I Learned to Stop Worrying and Love the Bomb', u'image': {u'url': u'http://ia.media-imdb.com/images/M/MV5BMTU2ODM2NTkxNF5BMl5BanBnXkFtZTcwOTMwMzU3Mg@@._V1_.jpg', u'width': 740, u'height': 1102}, u'num_votes': 333971, u'year': u'1964', u'can_rate': True, u'type': u'feature'}
{u'rating': 8.5, u'tconst': u'tt0110357', u'title': u'The Lion King', u'image': {u'url': u'http://ia.media-imdb.com/images/M/MV5BMjEyMzgwNTUzMl5BMl5BanBnXkFtZTcwNTMxMzM3Ng@@._V1_.jpg', u'width': 1275, u'height': 1651}, u'num_votes': 621166, u'year': u'1994', u'can_rate': True, u'type': u'feature'}
{u'rating': 8.5, u'tconst': u'tt0043014', u'title': u'Sunset Blvd.', u'image': {u'url': u'http://ia.media-imdb.com/images/M/MV5BMTc3NDYzODAwNV5BMl5BanBnXkFtZTgwODg1MTczMTE@._V1_.jpg', u'width': 332, u'height': 500}, u'num_votes': 135596, u'year': u'1950', u'can_rate': True, u'type': u'feature'}
{u'rating': 8.5, u'tconst': u'tt0078748', u'title': u'Alien', u'image': {u'url': u'http://ia.media-imdb.com/images/M/MV5BMTU1ODQ4NjQyOV5BMl5BanBnXkFtZTgwOTQ3NDU2MTE@._V1_.jpg', u'width': 1365, u'height': 2048}, u'num_votes': 547349, u'year': u'1979', u'can_rate': True, u'type': u'feature'}
{u'rating': 8.5, u'tconst': u'tt0032553', u'title': u'The Great Dictator', u'image': {u'url': u'http://ia.media-imdb.com/images/M/MV5BMTQ5NDAwMDgzOV5BMl5BanBnXkFtZTgwNDI2MjA0MjE@._V1_.jpg', u'width': 338, u'height': 500}, u'num_votes': 132664, u'year': u'1940', u'can_rate': True, u'type': u'feature'}
{u'rating': 8.5, u'tconst': u'tt0405094', u'title': u'The Lives of Others', u'image': {u'url': u'http://ia.media-imdb.com/images/M/MV5BNDUzNjYwNDYyNl5BMl5BanBnXkFtZTcwNjU3ODQ0MQ@@._V1_.jpg', u'width': 450, u'height': 675}, u'num_votes': 252300, u'year': u'2006', u'can_rate': True, u'type': u'feature'}
{u'rating': 8.5, u'tconst': u'tt0095765', u'title': u'Cinema Paradiso', u'image': {u'url': u'http://ia.media-imdb.com/images/M/MV5BMjIzMTgzOTEwOF5BMl5BanBnXkFtZTgwNTUxNjcxMTE@._V1_.jpg', u'width': 337, u'height': 499}, u'num_votes': 147242, u'year': u'1988', u'can_rate': True, u'type': u'feature'}
{u'rating': 8.5, u'tconst': u'tt1853728', u'title': u'Django Unchained', u'image': {u'url': u'http://ia.media-imdb.com/images/M/MV5BMjIyNTQ5NjQ1OV5BMl5BanBnXkFtZTcwODg1MDU4OA@@._V1_.jpg', u'width': 1382, u'height': 2048}, u'num_votes': 920886, u'year': u'2012', u'can_rate': True, u'type': u'feature'}
{u'rating': 8.4, u'tconst': u'tt0081505', u'title': u'The Shining', u'image': {u'url': u'http://ia.media-imdb.com/images/M/MV5BODMxMjE3NTA4Ml5BMl5BanBnXkFtZTgwNDc0NTIxMDE@._V1_.jpg', u'width': 1024, u'height': 1500}, u'num_votes': 590920, u'year': u'1980', u'can_rate': True, u'type': u'feature'}
{u'rating': 8.5, u'tconst': u'tt0050825', u'title': u'Paths of Glory', u'image': {u'url': u'http://ia.media-imdb.com/images/M/MV5BMTUxNTcxMjI5NV5BMl5BanBnXkFtZTcwNTcyNjI3Mw@@._V1._CR17,1,331,497_.jpg', u'width': 331, u'height': 497}, u'num_votes': 117135, u'year': u'1957', u'can_rate': True, u'type': u'feature'}
{u'rating': 8.5, u'tconst': u'tt0095327', u'title': u'Grave of the Fireflies', u'image': {u'url': u'http://ia.media-imdb.com/images/M/MV5BMTgyMzUwMTMxMl5BMl5BanBnXkFtZTgwODYyMDk2MjE@._V1_.jpg', u'width': 342, u'height': 500}, u'num_votes': 132454, u'year': u'1988', u'can_rate': True, u'type': u'feature'}
{u'rating': 8.4, u'tconst': u'tt0910970', u'title': u'WALL\xb7E', u'image': {u'url': u'http://ia.media-imdb.com/images/M/MV5BMTczOTA3MzY2N15BMl5BanBnXkFtZTcwOTYwNjE2MQ@@._V1_.jpg', u'width': 510, u'height': 755}, u'num_votes': 693476, u'year': u'2008', u'can_rate': True, u'type': u'feature'}
{u'rating': 8.5, u'tconst': u'tt1345836', u'title': u'The Dark Knight Rises', u'image': {u'url': u'http://ia.media-imdb.com/images/M/MV5BMTk4ODQzNDY3Ml5BMl5BanBnXkFtZTcwODA0NTM4Nw@@._V1_.jpg', u'width': 486, u'height': 720}, u'num_votes': 1109888, u'year': u'2012', u'can_rate': True, u'type': u'feature'}
{u'rating': 8.4, u'tconst': u'tt0169547', u'title': u'American Beauty', u'image': {u'url': u'http://ia.media-imdb.com/images/M/MV5BMjM4NTI5NzYyNV5BMl5BanBnXkFtZTgwNTkxNTYxMTE@._V1_.jpg', u'width': 930, u'height': 1377}, u'num_votes': 801055, u'year': u'1999', u'can_rate': True, u'type': u'feature'}
{u'rating': 8.4, u'tconst': u'tt0090605', u'title': u'Aliens', u'image': {u'url': u'http://ia.media-imdb.com/images/M/MV5BMTYzNzU5MzQ4OV5BMl5BanBnXkFtZTcwMDcxNDg3OA@@._V1_.jpg', u'width': 375, u'height': 500}, u'num_votes': 475748, u'year': u'1986', u'can_rate': True, u'type': u'feature'}
{u'rating': 8.4, u'tconst': u'tt0119698', u'title': u'Princess Mononoke', u'image': {u'url': u'http://ia.media-imdb.com/images/M/MV5BMjgzNTUwODQzN15BMl5BanBnXkFtZTcwMTc4ODE3OQ@@._V1_.jpg', u'width': 337, u'height': 500}, u'num_votes': 214093, u'year': u'1997', u'can_rate': True, u'type': u'feature'}
{u'rating': 8.4, u'tconst': u'tt0364569', u'title': u'Oldboy', u'image': {u'url': u'http://ia.media-imdb.com/images/M/MV5BMTI3NTQyMzU5M15BMl5BanBnXkFtZTcwMTM2MjgyMQ@@._V1_.jpg', u'width': 450, u'height': 666}, u'num_votes': 344746, u'year': u'2003', u'can_rate': True, u'type': u'feature'}
{u'rating': 8.4, u'tconst': u'tt0033467', u'title': u'Citizen Kane', u'image': {u'url': u'http://ia.media-imdb.com/images/M/MV5BMTQ2Mjc1MDQwMl5BMl5BanBnXkFtZTcwNzUyOTUyMg@@._V1_.jpg', u'width': 338, u'height': 500}, u'num_votes': 290732, u'year': u'1941', u'can_rate': True, u'type': u'feature'}
{u'rating': 8.4, u'tconst': u'tt0053125', u'title': u'North by Northwest', u'image': {u'url': u'http://ia.media-imdb.com/images/M/MV5BMjQwMTQ0MzgwNl5BMl5BanBnXkFtZTgwNjc4ODE4MzE@._V1_.jpg', u'width': 1309, u'height': 2048}, u'num_votes': 214975, u'year': u'1959', u'can_rate': True, u'type': u'feature'}
{u'rating': 8.4, u'tconst': u'tt0087843', u'title': u'Once Upon a Time in America', u'image': {u'url': u'http://ia.media-imdb.com/images/M/MV5BNDMwMDcyODkzOV5BMl5BanBnXkFtZTcwNTQ1Njg3OA@@._V1_.jpg', u'width': 353, u'height': 500}, u'num_votes': 214715, u'year': u'1984', u'can_rate': True, u'type': u'feature'}
{u'rating': 8.4, u'tconst': u'tt0082096', u'title': u'Das Boot', u'image': {u'url': u'http://ia.media-imdb.com/images/M/MV5BMjE5Mzk5OTQ0Nl5BMl5BanBnXkFtZTYwNzUwMTQ5._V1_.jpg', u'width': 297, u'height': 475}, u'num_votes': 164105, u'year': u'1981', u'can_rate': True, u'type': u'feature'}
{u'rating': 8.4, u'tconst': u'tt0052357', u'title': u'Vertigo', u'image': {u'url': u'http://ia.media-imdb.com/images/M/MV5BNzY0NzQyNzQzOF5BMl5BanBnXkFtZTcwMTgwNTk4OQ@@._V1_.jpg', u'width': 333, u'height': 500}, u'num_votes': 240748, u'year': u'1958', u'can_rate': True, u'type': u'feature'}
{u'rating': 8.4, u'tconst': u'tt0086190', u'title': u'Star Wars: Episode VI - Return of the Jedi', u'image': {u'url': u'http://ia.media-imdb.com/images/M/MV5BMTQ0MzI1NjYwOF5BMl5BanBnXkFtZTgwODU3NDU2MTE@._V1._CR93,97,1209,1861_.jpg', u'width': 1209, u'height': 1861}, u'num_votes': 658237, u'year': u'1983', u'can_rate': True, u'type': u'feature'}
{u'rating': 8.4, u'tconst': u'tt0051201', u'title': u'Witness for the Prosecution', u'image': {u'url': u'http://ia.media-imdb.com/images/M/MV5BMTc0MjgyNTUyNF5BMl5BanBnXkFtZTcwNDQzMDg0Nw@@._V1_.jpg', u'width': 682, u'height': 1023}, u'num_votes': 60515, u'year': u'1957', u'can_rate': True, u'type': u'feature'}
{u'rating': 8.4, u'tconst': u'tt0022100', u'title': u'M', u'image': {u'url': u'http://ia.media-imdb.com/images/M/MV5BMTQyNjA5NzU5MV5BMl5BanBnXkFtZTgwMDk1MTA5MTE@._V1_.jpg', u'width': 350, u'height': 500}, u'num_votes': 96430, u'year': u'1931', u'can_rate': True, u'type': u'feature'}
{u'rating': 8.4, u'tconst': u'tt0105236', u'title': u'Reservoir Dogs', u'image': {u'url': u'http://ia.media-imdb.com/images/M/MV5BMTQxMTAwMDQ3Nl5BMl5BanBnXkFtZTcwODMwNTgzMQ@@._V1_.jpg', u'width': 353, u'height': 500}, u'num_votes': 644759, u'year': u'1992', u'can_rate': True, u'type': u'feature'}
{u'rating': 8.4, u'tconst': u'tt0211915', u'title': u'Am\xe9lie', u'image': {u'url': u'http://ia.media-imdb.com/images/M/MV5BMTYzNjkxMTczOF5BMl5BanBnXkFtZTgwODg5NDc2MjE@._V1_.jpg', u'width': 338, u'height': 500}, u'num_votes': 519906, u'year': u'2001', u'can_rate': True, u'type': u'feature'}
{u'rating': 8.4, u'tconst': u'tt0112573', u'title': u'Braveheart', u'image': {u'url': u'http://ia.media-imdb.com/images/M/MV5BNjA4ODYxMDU3Nl5BMl5BanBnXkFtZTcwMzkzMTk3OA@@._V1_.jpg', u'width': 333, u'height': 500}, u'num_votes': 717221, u'year': u'1995', u'can_rate': True, u'type': u'feature'}
{u'rating': 8.4, u'tconst': u'tt0180093', u'title': u'Requiem for a Dream', u'image': {u'url': u'http://ia.media-imdb.com/images/M/MV5BMTkzODMzODYwOF5BMl5BanBnXkFtZTcwODM2NjA2NQ@@._V1_.jpg', u'width': 300, u'height': 433}, u'num_votes': 557733, u'year': u'2000', u'can_rate': True, u'type': u'feature'}
{u'rating': 8.4, u'tconst': u'tt0066921', u'title': u'A Clockwork Orange', u'image': {u'url': u'http://ia.media-imdb.com/images/M/MV5BMTY3MjM1Mzc4N15BMl5BanBnXkFtZTgwODM0NzAxMDE@._V1_.jpg', u'width': 878, u'height': 1300}, u'num_votes': 541438, u'year': u'1971', u'can_rate': True, u'type': u'feature'}
{u'rating': 8.3, u'tconst': u'tt0075314', u'title': u'Taxi Driver', u'image': {u'url': u'http://ia.media-imdb.com/images/M/MV5BMTQ1Nzg3MDQwN15BMl5BanBnXkFtZTcwNDE2NDU2MQ@@._V1_.jpg', u'width': 368, u'height': 500}, u'num_votes': 491189, u'year': u'1976', u'can_rate': True, u'type': u'feature'}
{u'rating': 8.3, u'tconst': u'tt0435761', u'title': u'Toy Story 3', u'image': {u'url': u'http://ia.media-imdb.com/images/M/MV5BMTgxOTY4Mjc0MF5BMl5BanBnXkFtZTcwNTA4MDQyMw@@._V1_.jpg', u'width': 1448, u'height': 2048}, u'num_votes': 525981, u'year': u'2010', u'can_rate': True, u'type': u'feature'}
{u'rating': 8.4, u'tconst': u'tt0036775', u'title': u'Double Indemnity', u'image': {u'url': u'http://ia.media-imdb.com/images/M/MV5BMTQzOTE4MTIzMV5BMl5BanBnXkFtZTgwODc1NDQ5MDE@._V1_.jpg', u'width': 329, u'height': 500}, u'num_votes': 94782, u'year': u'1944', u'can_rate': True, u'type': u'feature'}
{u'rating': 8.4, u'tconst': u'tt0056592', u'title': u'To Kill a Mockingbird', u'image': {u'url': u'http://ia.media-imdb.com/images/M/MV5BMjA4MzI1NDY2Nl5BMl5BanBnXkFtZTcwMTcyODc5Mw@@._V1_.jpg', u'width': 328, u'height': 500}, u'num_votes': 208384, u'year': u'1962', u'can_rate': True, u'type': u'feature'}
{u'rating': 8.4, u'tconst': u'tt0056172', u'title': u'Lawrence of Arabia', u'image': {u'url': u'http://ia.media-imdb.com/images/M/MV5BMzAwMjM4NzA2OV5BMl5BanBnXkFtZTcwMDI0NzAwMQ@@._V1_.jpg', u'width': 324, u'height': 475}, u'num_votes': 187296, u'year': u'1962', u'can_rate': True, u'type': u'feature'}
{u'rating': 8.4, u'tconst': u'tt0338013', u'title': u'Eternal Sunshine of the Spotless Mind', u'image': {u'url': u'http://ia.media-imdb.com/images/M/MV5BMTY4NzcwODg3Nl5BMl5BanBnXkFtZTcwNTEwOTMyMw@@._V1_.jpg', u'width': 1382, u'height': 2048}, u'num_votes': 647223, u'year': u'2004', u'can_rate': True, u'type': u'feature'}
{u'rating': 8.3, u'tconst': u'tt0093058', u'title': u'Full Metal Jacket', u'image': {u'url': u'http://ia.media-imdb.com/images/M/MV5BMjA4NzY4ODk4Nl5BMl5BanBnXkFtZTgwOTcxNTYxMTE@._V1_.jpg', u'width': 333, u'height': 500}, u'num_votes': 470282, u'year': u'1987', u'can_rate': True, u'type': u'feature'}
{u'rating': 8.3, u'tconst': u'tt0086879', u'title': u'Amadeus', u'image': {u'url': u'http://ia.media-imdb.com/images/M/MV5BMTg5NDkwMTk5N15BMl5BanBnXkFtZTYwODg3MDk2._V1_.jpg', u'width': 475, u'height': 704}, u'num_votes': 263242, u'year': u'1984', u'can_rate': True, u'type': u'feature'}
{u'rating': 8.3, u'tconst': u'tt0070735', u'title': u'The Sting', u'image': {u'url': u'http://ia.media-imdb.com/images/M/MV5BMTY5MjM1OTAyOV5BMl5BanBnXkFtZTgwMDkwODg4MDE@._V1._CR52,57,915,1388_.jpg', u'width': 915, u'height': 1388}, u'num_votes': 170681, u'year': u'1973', u'can_rate': True, u'type': u'feature'}
{u'rating': 8.3, u'tconst': u'tt0062622', u'title': u'2001: A Space Odyssey', u'image': {u'url': u'http://ia.media-imdb.com/images/M/MV5BNDYyMDgxNDQ5Nl5BMl5BanBnXkFtZTcwMjc1ODg3OA@@._V1_.jpg', u'width': 375, u'height': 500}, u'num_votes': 414053, u'year': u'1968', u'can_rate': True, u'type': u'feature'}
{u'rating': 8.4, u'tconst': u'tt0040522', u'title': u'Bicycle Thieves', u'image': {u'url': u'http://ia.media-imdb.com/images/M/MV5BMjIzMzAyMzg1Nl5BMl5BanBnXkFtZTgwMzMyNzk0MTE@._V1_.jpg', u'width': 2285, u'height': 3300}, u'num_votes': 91296, u'year': u'1948', u'can_rate': True, u'type': u'feature'}
{u'rating': 8.3, u'tconst': u'tt0045152', u'title': u"Singin' in the Rain", u'image': {u'url': u'http://ia.media-imdb.com/images/M/MV5BMTUxMTIyNTI4Nl5BMl5BanBnXkFtZTcwNTk1ODQyMg@@._V1_.jpg', u'width': 324, u'height': 500}, u'num_votes': 145778, u'year': u'1952', u'can_rate': True, u'type': u'feature'}
{u'rating': 8.3, u'tconst': u'tt0208092', u'title': u'Snatch.', u'image': {u'url': u'http://ia.media-imdb.com/images/M/MV5BMTk5NzE0MDQyNl5BMl5BanBnXkFtZTcwNzk4Mjk3OA@@._V1_.jpg', u'width': 344, u'height': 500}, u'num_votes': 586273, u'year': u'2000', u'can_rate': True, u'type': u'feature'}
{u'rating': 8.3, u'tconst': u'tt0071853', u'title': u'Monty Python and the Holy Grail', u'image': {u'url': u'http://ia.media-imdb.com/images/M/MV5BMTkzODczMTgwM15BMl5BanBnXkFtZTYwNTAwODI5._V1_.jpg', u'width': 271, u'height': 475}, u'num_votes': 372722, u'year': u'1975', u'can_rate': True, u'type': u'feature'}
{u'rating': 8.3, u'tconst': u'tt0114709', u'title': u'Toy Story', u'image': {u'url': u'http://ia.media-imdb.com/images/M/MV5BMTgwMjI4MzU5N15BMl5BanBnXkFtZTcwMTMyNTk3OA@@._V1_.jpg', u'width': 375, u'height': 500}, u'num_votes': 601563, u'year': u'1995', u'can_rate': True, u'type': u'feature'}
{u'rating': 8.3, u'tconst': u'tt0361748', u'title': u'Inglourious Basterds', u'image': {u'url': u'http://ia.media-imdb.com/images/M/MV5BMjIzMDI4MTUzOV5BMl5BanBnXkFtZTcwNDY3NjA3Mg@@._V1_.jpg', u'width': 974, u'height': 1441}, u'num_votes': 855654, u'year': u'2009', u'can_rate': True, u'type': u'feature'}
{u'rating': 8.4, u'tconst': u'tt0012349', u'title': u'The Kid', u'image': {u'url': u'http://ia.media-imdb.com/images/M/MV5BMTkzNTgxMDU1OF5BMl5BanBnXkFtZTgwOTQ3MjI2MzE@._V1_.jpg', u'width': 358, u'height': 500}, u'num_votes': 64317, u'year': u'1921', u'can_rate': True, u'type': u'feature'}
{u'rating': 8.3, u'tconst': u'tt0119488', u'title': u'L.A. Confidential', u'image': {u'url': u'http://ia.media-imdb.com/images/M/MV5BMjMzOTc2MDI3N15BMl5BanBnXkFtZTgwNTE4Njc3NjE@._V1_.jpg', u'width': 329, u'height': 488}, u'num_votes': 404765, u'year': u'1997', u'can_rate': True, u'type': u'feature'}
{u'rating': 8.3, u'tconst': u'tt0059578', u'title': u'For a Few Dollars More', u'image': {u'url': u'http://ia.media-imdb.com/images/M/MV5BMTQzMjIzOTEzMF5BMl5BanBnXkFtZTcwMTUzNTk3NA@@._V1_.jpg', u'width': 682, u'height': 1023}, u'num_votes': 151872, u'year': u'1965', u'can_rate': True, u'type': u'feature'}
{u'rating': 8.3, u'tconst': u'tt0042876', u'title': u'Rashomon', u'image': {u'url': u'http://ia.media-imdb.com/images/M/MV5BMjEzMzA4NDE2OF5BMl5BanBnXkFtZTcwNTc5MDI2NQ@@._V1._CR0,0,503,683_.jpg', u'width': 503, u'height': 683}, u'num_votes': 99518, u'year': u'1950', u'can_rate': True, u'type': u'feature'}
{u'rating': 8.3, u'tconst': u'tt0053604', u'title': u'The Apartment', u'image': {u'url': u'http://ia.media-imdb.com/images/M/MV5BMTM1OTc4MzgzNl5BMl5BanBnXkFtZTcwNTE2NjgyMw@@._V1_.jpg', u'width': 1234, u'height': 2048}, u'num_votes': 106010, u'year': u'1960', u'can_rate': True, u'type': u'feature'}
{u'rating': 8.3, u'tconst': u'tt0097576', u'title': u'Indiana Jones and the Last Crusade', u'image': {u'url': u'http://ia.media-imdb.com/images/M/MV5BMTQxMTUyODg2OF5BMl5BanBnXkFtZTcwNDM2MjAxNA@@._V1_.jpg', u'width': 1014, u'height': 1535}, u'num_votes': 500814, u'year': u'1989', u'can_rate': True, u'type': u'feature'}
{u'rating': 8.3, u'tconst': u'tt0086250', u'title': u'Scarface', u'image': {u'url': u'http://ia.media-imdb.com/images/M/MV5BMjAzOTM4MzEwNl5BMl5BanBnXkFtZTgwMzU1OTc1MDE@._V1_.jpg', u'width': 675, u'height': 1000}, u'num_votes': 522679, u'year': u'1983', u'can_rate': True, u'type': u'feature'}
{u'rating': 8.4, u'tconst': u'tt1832382', u'title': u'A Separation', u'image': {u'url': u'http://ia.media-imdb.com/images/M/MV5BMTYzMzU4NDUwOF5BMl5BanBnXkFtZTcwMTM5MjA5Ng@@._V1_.jpg', u'width': 893, u'height': 1323}, u'num_votes': 147140, u'year': u'2011', u'can_rate': True, u'type': u'feature'}
{u'rating': 8.3, u'tconst': u'tt0042192', u'title': u'All About Eve', u'image': {u'url': u'http://ia.media-imdb.com/images/M/MV5BMTY2MTAzODI5NV5BMl5BanBnXkFtZTgwMjM4NzQ0MjE@._V1_.jpg', u'width': 1000, u'height': 1500}, u'num_votes': 80725, u'year': u'1950', u'can_rate': True, u'type': u'feature'}
{u'rating': 8.3, u'tconst': u'tt0017136', u'title': u'Metropolis', u'image': {u'url': u'http://ia.media-imdb.com/images/M/MV5BNDAzNTkyODg1MF5BMl5BanBnXkFtZTgwMDA3NDkwMDE@._V1_.jpg', u'width': 323, u'height': 500}, u'num_votes': 108661, u'year': u'1927', u'can_rate': True, u'type': u'feature'}
{u'rating': 8.3, u'tconst': u'tt0055630', u'title': u'Yojimbo', u'image': {u'url': u'http://ia.media-imdb.com/images/M/MV5BMjAwNTQ3ODUyMl5BMl5BanBnXkFtZTgwNDg5ODQyNjE@._V1_.jpg', u'width': 345, u'height': 500}, u'num_votes': 71828, u'year': u'1961', u'can_rate': True, u'type': u'feature'}
{u'rating': 8.3, u'tconst': u'tt0040897', u'title': u'The Treasure of the Sierra Madre', u'image': {u'url': u'http://ia.media-imdb.com/images/M/MV5BMTQ4MzUzOTYwOV5BMl5BanBnXkFtZTgwNDA4MzgyMjE@._V1_.jpg', u'width': 338, u'height': 500}, u'num_votes': 77035, u'year': u'1948', u'can_rate': True, u'type': u'feature'}
{u'rating': 8.3, u'tconst': u'tt0372784', u'title': u'Batman Begins', u'image': {u'url': u'http://ia.media-imdb.com/images/M/MV5BNTM3OTc0MzM2OV5BMl5BanBnXkFtZTYwNzUwMTI3._V1_.jpg', u'width': 485, u'height': 721}, u'num_votes': 950323, u'year': u'2005', u'can_rate': True, u'type': u'feature'}
{u'rating': 8.3, u'tconst': u'tt0053291', u'title': u'Some Like It Hot', u'image': {u'url': u'http://ia.media-imdb.com/images/M/MV5BNzYzMDkzNDQ0N15BMl5BanBnXkFtZTcwNzQ0NDQyNA@@._V1_.jpg', u'width': 682, u'height': 1023}, u'num_votes': 170525, u'year': u'1959', u'can_rate': True, u'type': u'feature'}
{u'rating': 8.3, u'tconst': u'tt2106476', u'title': u'The Hunt', u'image': {u'url': u'http://ia.media-imdb.com/images/M/MV5BMTg2NDg3ODg4NF5BMl5BanBnXkFtZTcwNzk3NTc3Nw@@._V1_.jpg', u'width': 4134, u'height': 5906}, u'num_votes': 161805, u'year': u'2012', u'can_rate': True, u'type': u'feature'}
{u'rating': 8.4, u'tconst': u'tt1187043', u'title': u'3 Idiots', u'image': {u'url': u'http://ia.media-imdb.com/images/M/MV5BMTMyOTg0ODQ1OF5BMl5BanBnXkFtZTcwNjc0NTMwNQ@@._V1_.jpg', u'width': 1445, u'height': 2048}, u'num_votes': 197132, u'year': u'2009', u'can_rate': True, u'type': u'feature'}
{u'rating': 8.3, u'tconst': u'tt0105695', u'title': u'Unforgiven', u'image': {u'url': u'http://ia.media-imdb.com/images/M/MV5BMTkzNTc0NDc4OF5BMl5BanBnXkFtZTcwNTY1ODg3OA@@._V1_.jpg', u'width': 353, u'height': 500}, u'num_votes': 270245, u'year': u'1992', u'can_rate': True, u'type': u'feature'}
{u'rating': 8.3, u'tconst': u'tt0041959', u'title': u'The Third Man', u'image': {u'url': u'http://ia.media-imdb.com/images/M/MV5BMjMwNzMzMTQ0Ml5BMl5BanBnXkFtZTgwNjExMzUwNjE@._V1_.jpg', u'width': 800, u'height': 1185}, u'num_votes': 110715, u'year': u'1949', u'can_rate': True, u'type': u'feature'}
{u'rating': 8.3, u'tconst': u'tt1049413', u'title': u'Up', u'image': {u'url': u'http://ia.media-imdb.com/images/M/MV5BMTk3NDE2NzI4NF5BMl5BanBnXkFtZTgwNzE1MzEyMTE@._V1_.jpg', u'width': 704, u'height': 1060}, u'num_votes': 640538, u'year': u'2009', u'can_rate': True, u'type': u'feature'}
{u'rating': 8.3, u'tconst': u'tt0119217', u'title': u'Good Will Hunting', u'image': {u'url': u'http://ia.media-imdb.com/images/M/MV5BMTk0NjY0Mzg5MF5BMl5BanBnXkFtZTcwNzM1OTM2MQ@@._V1_.jpg', u'width': 341, u'height': 500}, u'num_votes': 585789, u'year': u'1997', u'can_rate': True, u'type': u'feature'}
{u'rating': 8.3, u'tconst': u'tt2096673', u'title': u'Inside Out', u'image': {u'url': u'http://ia.media-imdb.com/images/M/MV5BOTgxMDQwMDk0OF5BMl5BanBnXkFtZTgwNjU5OTg2NDE@._V1_.jpg', u'width': 1086, u'height': 1609}, u'num_votes': 305371, u'year': u'2015', u'can_rate': True, u'type': u'feature'}
{u'rating': 8.3, u'tconst': u'tt0081398', u'title': u'Raging Bull', u'image': {u'url': u'http://ia.media-imdb.com/images/M/MV5BMjIxOTg3OTc5MF5BMl5BanBnXkFtZTcwNzkwNjMwNA@@._V1_.jpg', u'width': 682, u'height': 1023}, u'num_votes': 229266, u'year': u'1980', u'can_rate': True, u'type': u'feature'}
{u'rating': 8.3, u'tconst': u'tt0363163', u'title': u'Downfall', u'image': {u'url': u'http://ia.media-imdb.com/images/M/MV5BMTM1OTI1MjE2Nl5BMl5BanBnXkFtZTcwMTEwMzc4NA@@._V1_.jpg', u'width': 1382, u'height': 2048}, u'num_votes': 242320, u'year': u'2004', u'can_rate': True, u'type': u'feature'}
{u'rating': 8.2, u'tconst': u'tt0095016', u'title': u'Die Hard', u'image': {u'url': u'http://ia.media-imdb.com/images/M/MV5BMTY4ODM0OTc2M15BMl5BanBnXkFtZTcwNzE0MTk3OA@@._V1_.jpg', u'width': 335, u'height': 500}, u'num_votes': 577736, u'year': u'1988', u'can_rate': True, u'type': u'feature'}
{u'rating': 8.3, u'tconst': u'tt2488496', u'title': u'Star Wars: Episode VII - The Force Awakens', u'image': {u'url': u'http://ia.media-imdb.com/images/M/MV5BOTAzODEzNDAzMl5BMl5BanBnXkFtZTgwMDU1MTgzNzE@._V1_.jpg', u'width': 2194, u'height': 3240}, u'num_votes': 504375, u'year': u'2015', u'can_rate': True, u'type': u'feature'}
{u'rating': 8.2, u'tconst': u'tt0071315', u'title': u'Chinatown', u'image': {u'url': u'http://ia.media-imdb.com/images/M/MV5BMTUyMTQ1NjA2OV5BMl5BanBnXkFtZTcwODQ1Njg3OA@@._V1_.jpg', u'width': 333, u'height': 500}, u'num_votes': 210456, u'year': u'1974', u'can_rate': True, u'type': u'feature'}
{u'rating': 8.3, u'tconst': u'tt3170832', u'title': u'Room', u'image': {u'url': u'http://ia.media-imdb.com/images/M/MV5BMjE4NzgzNzEwMl5BMl5BanBnXkFtZTgwMTMzMDE0NjE@._V1_.jpg', u'width': 972, u'height': 1440}, u'num_votes': 122214, u'year': u'2015', u'can_rate': True, u'type': u'feature'}
{u'rating': 8.3, u'tconst': u'tt0057115', u'title': u'The Great Escape', u'image': {u'url': u'http://ia.media-imdb.com/images/M/MV5BMjI2MTQwNDI3Nl5BMl5BanBnXkFtZTcwNDk4MTkzNA@@._V1_.jpg', u'width': 682, u'height': 1023}, u'num_votes': 161118, u'year': u'1963', u'can_rate': True, u'type': u'feature'}
{u'rating': 8.2, u'tconst': u'tt0113277', u'title': u'Heat', u'image': {u'url': u'http://ia.media-imdb.com/images/M/MV5BMTM1NDc4ODkxNV5BMl5BanBnXkFtZTcwNTI4ODE3MQ@@._V1_.jpg', u'width': 345, u'height': 500}, u'num_votes': 421025, u'year': u'1995', u'can_rate': True, u'type': u'feature'}
{u'rating': 8.3, u'tconst': u'tt1431045', u'title': u'Deadpool', u'image': {u'url': u'http://ia.media-imdb.com/images/M/MV5BMjQyODg5Njc4N15BMl5BanBnXkFtZTgwMzExMjE3NzE@._V1_.jpg', u'width': 1029, u'height': 1500}, u'num_votes': 322433, u'year': u'2016', u'can_rate': True, u'type': u'feature'}
{u'rating': 8.3, u'tconst': u'tt0047296', u'title': u'On the Waterfront', u'image': {u'url': u'http://ia.media-imdb.com/images/M/MV5BMTcwMTU3MjI1OV5BMl5BanBnXkFtZTgwNjE2OTI3MjE@._V1_.jpg', u'width': 357, u'height': 500}, u'num_votes': 97709, u'year': u'1954', u'can_rate': True, u'type': u'feature'}
{u'rating': 8.2, u'tconst': u'tt0457430', u'title': u"Pan's Labyrinth", u'image': {u'url': u'http://ia.media-imdb.com/images/M/MV5BMTU3ODg2NjQ5NF5BMl5BanBnXkFtZTcwMDEwODgzMQ@@._V1_.jpg', u'width': 689, u'height': 1014}, u'num_votes': 455238, u'year': u'2006', u'can_rate': True, u'type': u'feature'}
{u'rating': 8.3, u'tconst': u'tt0096283', u'title': u'My Neighbor Totoro', u'image': {u'url': u'http://ia.media-imdb.com/images/M/MV5BMjE3NzY5ODQwMV5BMl5BanBnXkFtZTcwNzY1NzcxNw@@._V1_.jpg', u'width': 500, u'height': 690}, u'num_votes': 164645, u'year': u'1988', u'can_rate': True, u'type': u'feature'}
{u'rating': 8.6, u'tconst': u'tt0074896', u'title': u'The Message', u'image': {u'url': u'http://ia.media-imdb.com/images/M/MV5BMjE0OTY0ODk2MF5BMl5BanBnXkFtZTcwNjQ5NjIzMQ@@._V1_.jpg', u'width': 359, u'height': 500}, u'num_votes': 25923, u'year': u'1976', u'can_rate': True, u'type': u'feature'}
{u'rating': 8.4, u'tconst': u'tt2948356', u'title': u'Zootopia', u'image': {u'url': u'http://ia.media-imdb.com/images/M/MV5BOTMyMjEyNzIzMV5BMl5BanBnXkFtZTgwNzIyNjU0NzE@._V1_.jpg', u'width': 1080, u'height': 1600}, u'num_votes': 59360, u'year': u'2016', u'can_rate': True, u'type': u'feature'}
{u'rating': 8.3, u'tconst': u'tt0044741', u'title': u'Ikiru', u'image': {u'url': u'http://ia.media-imdb.com/images/M/MV5BMTcyMDU0MTQzNV5BMl5BanBnXkFtZTcwOTk2NDQyMQ@@._V1._CR12,28,314,446_.jpg', u'width': 314, u'height': 446}, u'num_votes': 40745, u'year': u'1952', u'can_rate': True, u'type': u'feature'}
{u'rating': 8.3, u'tconst': u'tt0031679', u'title': u'Mr. Smith Goes to Washington', u'image': {u'url': u'http://ia.media-imdb.com/images/M/MV5BMjAwMzU5ODkwNF5BMl5BanBnXkFtZTcwNTg4Mjk3OA@@._V1_.jpg', u'width': 330, u'height': 500}, u'num_votes': 75278, u'year': u'1939', u'can_rate': True, u'type': u'feature'}
{u'rating': 8.3, u'tconst': u'tt0089881', u'title': u'Ran', u'image': {u'url': u'http://ia.media-imdb.com/images/M/MV5BNTEyNjg0MDM4OF5BMl5BanBnXkFtZTgwODI0NjUxODE@._V1_.jpg', u'width': 654, u'height': 938}, u'num_votes': 75293, u'year': u'1985', u'can_rate': True, u'type': u'feature'}
{u'rating': 8.2, u'tconst': u'tt0050212', u'title': u'The Bridge on the River Kwai', u'image': {u'url': u'http://ia.media-imdb.com/images/M/MV5BMTc2NzA0NTEwNF5BMl5BanBnXkFtZTcwMzA0MTk3OA@@._V1_.jpg', u'width': 333, u'height': 500}, u'num_votes': 144986, u'year': u'1957', u'can_rate': True, u'type': u'feature'}
{u'rating': 8.3, u'tconst': u'tt0015864', u'title': u'The Gold Rush', u'image': {u'url': u'http://ia.media-imdb.com/images/M/MV5BMzYzMDQyNzA4NV5BMl5BanBnXkFtZTYwNDU5NDU5._V1_.jpg', u'width': 350, u'height': 475}, u'num_votes': 65551, u'year': u'1925', u'can_rate': True, u'type': u'feature'}
{u'rating': 8.3, u'tconst': u'tt0018455', u'title': u'Sunrise', u'image': {u'url': u'http://ia.media-imdb.com/images/M/MV5BMjIzNzg4MzcxNV5BMl5BanBnXkFtZTgwMTgzNTE0MTE@._V1_.jpg', u'width': 324, u'height': 500}, u'num_votes': 27949, u'year': u'1927', u'can_rate': True, u'type': u'feature'}
{u'rating': 8.2, u'tconst': u'tt0050976', u'title': u'The Seventh Seal', u'image': {u'url': u'http://ia.media-imdb.com/images/M/MV5BMTUzODUyNjkxM15BMl5BanBnXkFtZTcwODA5MTM1Mg@@._V1_.jpg', u'width': 354, u'height': 500}, u'num_votes': 108603, u'year': u'1957', u'can_rate': True, u'type': u'feature'}
{u'rating': 8.2, u'tconst': u'tt1305806', u'title': u'The Secret in Their Eyes', u'image': {u'url': u'http://ia.media-imdb.com/images/M/MV5BMTgwNTI3OTczOV5BMl5BanBnXkFtZTcwMTM3MTUyMw@@._V1_.jpg', u'width': 889, u'height': 1315}, u'num_votes': 126461, u'year': u'2009', u'can_rate': True, u'type': u'feature'}
{u'rating': 8.2, u'tconst': u'tt0083658', u'title': u'Blade Runner', u'image': {u'url': u'http://ia.media-imdb.com/images/M/MV5BMTA4MDQxNTk2NDheQTJeQWpwZ15BbWU3MDE2NjIyODk@._V1_.jpg', u'width': 332, u'height': 500}, u'num_votes': 450380, u'year': u'1982', u'can_rate': True, u'type': u'feature'}
{u'rating': 8.2, u'tconst': u'tt0120735', u'title': u'Lock, Stock and Two Smoking Barrels', u'image': {u'url': u'http://ia.media-imdb.com/images/M/MV5BMTU4MTM1MjUxMF5BMl5BanBnXkFtZTYwOTEzODY4._V1_.jpg', u'width': 270, u'height': 376}, u'num_votes': 405393, u'year': u'1998', u'can_rate': True, u'type': u'feature'}
{u'rating': 8.2, u'tconst': u'tt0050986', u'title': u'Wild Strawberries', u'image': {u'url': u'http://ia.media-imdb.com/images/M/MV5BMjgwNjI3NTM1MF5BMl5BanBnXkFtZTgwNzY3MTUyMjE@._V1_.jpg', u'width': 342, u'height': 500}, u'num_votes': 61282, u'year': u'1957', u'can_rate': True, u'type': u'feature'}
{u'rating': 8.3, u'tconst': u'tt0017925', u'title': u'The General', u'image': {u'url': u'http://ia.media-imdb.com/images/M/MV5BODQxMzMyNTY5Nl5BMl5BanBnXkFtZTcwMDMyNTk3OA@@._V1_.jpg', u'width': 262, u'height': 410}, u'num_votes': 51835, u'year': u'1926', u'can_rate': True, u'type': u'feature'}
{u'rating': 8.2, u'tconst': u'tt0347149', u'title': u"Howl's Moving Castle", u'image': {u'url': u'http://ia.media-imdb.com/images/M/MV5BMTY1OTg0MjE3MV5BMl5BanBnXkFtZTcwNTUxMTkyMQ@@._V1_.jpg', u'width': 1578, u'height': 2340}, u'num_votes': 206178, u'year': u'2004', u'can_rate': True, u'type': u'feature'}
{u'rating': 8.2, u'tconst': u'tt0112641', u'title': u'Casino', u'image': {u'url': u'http://ia.media-imdb.com/images/M/MV5BMTMzMjkwMTk4Nl5BMl5BanBnXkFtZTYwNjYxMjk5._V1_.jpg', u'width': 230, u'height': 352}, u'num_votes': 324109, u'year': u'1995', u'can_rate': True, u'type': u'feature'}
{u'rating': 8.2, u'tconst': u'tt0080678', u'title': u'The Elephant Man', u'image': {u'url': u'http://ia.media-imdb.com/images/M/MV5BMTExNTk0MjIzNDZeQTJeQWpwZ15BbWU3MDY5ODI5Nzg@._V1_.jpg', u'width': 333, u'height': 500}, u'num_votes': 157952, u'year': u'1980', u'can_rate': True, u'type': u'feature'}
{u'rating': 8.2, u'tconst': u'tt1291584', u'title': u'Warrior', u'image': {u'url': u'http://ia.media-imdb.com/images/M/MV5BMTk4ODk5MTMyNV5BMl5BanBnXkFtZTcwMDMyNTg0Ng@@._V1_.jpg', u'width': 1328, u'height': 2048}, u'num_votes': 322532, u'year': u'2011', u'can_rate': True, u'type': u'feature'}
{u'rating': 8.2, u'tconst': u'tt0993846', u'title': u'The Wolf of Wall Street', u'image': {u'url': u'http://ia.media-imdb.com/images/M/MV5BMjIxMjgxNTk0MF5BMl5BanBnXkFtZTgwNjIyOTg2MDE@._V1_.jpg', u'width': 1382, u'height': 2048}, u'num_votes': 745177, u'year': u'2013', u'can_rate': True, u'type': u'feature'}
{u'rating': 8.2, u'tconst': u'tt0434409', u'title': u'V for Vendetta', u'image': {u'url': u'http://ia.media-imdb.com/images/M/MV5BOTI5ODc3NzExNV5BMl5BanBnXkFtZTcwNzYxNzQzMw@@._V1_.jpg', u'width': 1383, u'height': 2048}, u'num_votes': 769889, u'year': u'2005', u'can_rate': True, u'type': u'feature'}
{u'rating': 8.3, u'tconst': u'tt0055031', u'title': u'Judgment at Nuremberg', u'image': {u'url': u'http://ia.media-imdb.com/images/M/MV5BNDc2ODQ5NTE2MV5BMl5BanBnXkFtZTcwODExMjUyNA@@._V1_.jpg', u'width': 682, u'height': 1023}, u'num_votes': 42700, u'year': u'1961', u'can_rate': True, u'type': u'feature'}
{u'rating': 8.2, u'tconst': u'tt0268978', u'title': u'A Beautiful Mind', u'image': {u'url': u'http://ia.media-imdb.com/images/M/MV5BMTQ4MDI2MzkwMl5BMl5BanBnXkFtZTYwMjk0NTA5._V1_.jpg', u'width': 320, u'height': 475}, u'num_votes': 590735, u'year': u'2001', u'can_rate': True, u'type': u'feature'}
{u'rating': 8.2, u'tconst': u'tt1205489', u'title': u'Gran Torino', u'image': {u'url': u'http://ia.media-imdb.com/images/M/MV5BMTQyMTczMTAxMl5BMl5BanBnXkFtZTcwOTc1ODE0Mg@@._V1_.jpg', u'width': 353, u'height': 500}, u'num_votes': 548463, u'year': u'2008', u'can_rate': True, u'type': u'feature'}
{u'rating': 8.2, u'tconst': u'tt0118715', u'title': u'The Big Lebowski', u'image': {u'url': u'http://ia.media-imdb.com/images/M/MV5BMTQ0NjUzMDMyOF5BMl5BanBnXkFtZTgwODA1OTU0MDE@._V1_.jpg', u'width': 932, u'height': 1390}, u'num_votes': 521709, u'year': u'1998', u'can_rate': True, u'type': u'feature'}
{u'rating': 8.2, u'tconst': u'tt1255953', u'title': u'Incendies', u'image': {u'url': u'http://ia.media-imdb.com/images/M/MV5BMTg4MzA0NjI5OF5BMl5BanBnXkFtZTcwNTUwMzQzNg@@._V1_.jpg', u'width': 1533, u'height': 2161}, u'num_votes': 76713, u'year': u'2010', u'can_rate': True, u'type': u'feature'}
{u'rating': 8.2, u'tconst': u'tt0077416', u'title': u'The Deer Hunter', u'image': {u'url': u'http://ia.media-imdb.com/images/M/MV5BMTk3MTQzMDUwMF5BMl5BanBnXkFtZTgwMTUxNzYxMTE@._V1_.jpg', u'width': 961, u'height': 1424}, u'num_votes': 226745, u'year': u'1978', u'can_rate': True, u'type': u'feature'}
{u'rating': 8.2, u'tconst': u'tt0032976', u'title': u'Rebecca', u'image': {u'url': u'http://ia.media-imdb.com/images/M/MV5BMTM5ODA4ODMzM15BMl5BanBnXkFtZTcwOTA2NTEwNA@@._V1._CR9,22,314,458_.jpg', u'width': 314, u'height': 458}, u'num_votes': 85027, u'year': u'1940', u'can_rate': True, u'type': u'feature'}
{u'rating': 8.2, u'tconst': u'tt0031381', u'title': u'Gone with the Wind', u'image': {u'url': u'http://ia.media-imdb.com/images/M/MV5BNDUwMjAxNTU1MF5BMl5BanBnXkFtZTgwMzg4NzMxMDE@._V1_.jpg', u'width': 854, u'height': 1330}, u'num_votes': 209750, u'year': u'1939', u'can_rate': True, u'type': u'feature'}
{u'rating': 8.2, u'tconst': u'tt0116282', u'title': u'Fargo', u'image': {u'url': u'http://ia.media-imdb.com/images/M/MV5BMTgxNzY3MzUxOV5BMl5BanBnXkFtZTcwMDA0NjMyNA@@._V1_.jpg', u'width': 682, u'height': 1023}, u'num_votes': 441190, u'year': u'1996', u'can_rate': True, u'type': u'feature'}
{u'rating': 8.2, u'tconst': u'tt0117951', u'title': u'Trainspotting', u'image': {u'url': u'http://ia.media-imdb.com/images/M/MV5BMTg2MzcxNTY3NV5BMl5BanBnXkFtZTgwOTQ5NDQxMDE@._V1_.jpg', u'width': 336, u'height': 500}, u'num_votes': 457251, u'year': u'1996', u'can_rate': True, u'type': u'feature'}
{u'rating': 8.2, u'tconst': u'tt0061512', u'title': u'Cool Hand Luke', u'image': {u'url': u'http://ia.media-imdb.com/images/M/MV5BODMyMDA0MTY2OF5BMl5BanBnXkFtZTcwMzkzNjk3OA@@._V1_.jpg', u'width': 351, u'height': 500}, u'num_votes': 117039, u'year': u'1967', u'can_rate': True, u'type': u'feature'}
{u'rating': 8.2, u'tconst': u'tt0892769', u'title': u'How to Train Your Dragon', u'image': {u'url': u'http://ia.media-imdb.com/images/M/MV5BMjA5NDQyMjc2NF5BMl5BanBnXkFtZTcwMjg5ODcyMw@@._V1_.jpg', u'width': 1119, u'height': 1665}, u'num_votes': 468473, u'year': u'2010', u'can_rate': True, u'type': u'feature'}
{u'rating': 8.2, u'tconst': u'tt0046912', u'title': u'Dial M for Murder', u'image': {u'url': u'http://ia.media-imdb.com/images/M/MV5BMTkyNzc4ODk4N15BMl5BanBnXkFtZTcwMDE5ODEwNA@@._V1_.jpg', u'width': 332, u'height': 500}, u'num_votes': 102761, u'year': u'1954', u'can_rate': True, u'type': u'feature'}
{u'rating': 8.1, u'tconst': u'tt0167404', u'title': u'The Sixth Sense', u'image': {u'url': u'http://ia.media-imdb.com/images/M/MV5BMWM4NTFhYjctNzUyNi00NGMwLTk3NTYtMDIyNTZmMzRlYmQyXkEyXkFqcGdeQXVyMTAwMzUyOTc@._V1_.jpg', u'width': 500, u'height': 739}, u'num_votes': 687006, u'year': u'1999', u'can_rate': True, u'type': u'feature'}
{u'rating': 8.1, u'tconst': u'tt0266543', u'title': u'Finding Nemo', u'image': {u'url': u'http://ia.media-imdb.com/images/M/MV5BMTY1MTg1NDAxOV5BMl5BanBnXkFtZTcwMjg1MDI5Nw@@._V1_.jpg', u'width': 900, u'height': 1333}, u'num_votes': 664069, u'year': u'2003', u'can_rate': True, u'type': u'feature'}
{u'rating': 8.2, u'tconst': u'tt0758758', u'title': u'Into the Wild', u'image': {u'url': u'http://ia.media-imdb.com/images/M/MV5BMTAwNDEyODU1MjheQTJeQWpwZ15BbWU2MDc3NDQwNw@@._V1_.jpg', u'width': 450, u'height': 664}, u'num_votes': 413207, u'year': u'2007', u'can_rate': True, u'type': u'feature'}
{u'rating': 8.2, u'tconst': u'tt0084787', u'title': u'The Thing', u'image': {u'url': u'http://ia.media-imdb.com/images/M/MV5BNTQ5ODU0NjUwOV5BMl5BanBnXkFtZTgwOTcwNDgwNzE@._V1_.jpg', u'width': 488, u'height': 755}, u'num_votes': 250101, u'year': u'1982', u'can_rate': True, u'type': u'feature'}
{u'rating': 8.1, u'tconst': u'tt0477348', u'title': u'No Country for Old Men', u'image': {u'url': u'http://ia.media-imdb.com/images/M/MV5BMjA5Njk3MjM4OV5BMl5BanBnXkFtZTcwMTc5MTE1MQ@@._V1_.jpg', u'width': 555, u'height': 817}, u'num_votes': 595003, u'year': u'2007', u'can_rate': True, u'type': u'feature'}
{u'rating': 8.2, u'tconst': u'tt0025316', u'title': u'It Happened One Night', u'image': {u'url': u'http://ia.media-imdb.com/images/M/MV5BMTczOTQ1MTQ4MF5BMl5BanBnXkFtZTcwODI2MDk4OQ@@._V1_.jpg', u'width': 330, u'height': 500}, u'num_votes': 62800, u'year': u'1934', u'can_rate': True, u'type': u'feature'}
{u'rating': 8.2, u'tconst': u'tt0978762', u'title': u'Mary and Max', u'image': {u'url': u'http://ia.media-imdb.com/images/M/MV5BMTQ1NDIyNTA1Nl5BMl5BanBnXkFtZTcwMjc2Njk3OA@@._V1_.jpg', u'width': 351, u'height': 500}, u'num_votes': 115097, u'year': u'2009', u'can_rate': True, u'type': u'feature'}
{u'rating': 8.1, u'tconst': u'tt2267998', u'title': u'Gone Girl', u'image': {u'url': u'http://ia.media-imdb.com/images/M/MV5BMTk0MDQ3MzAzOV5BMl5BanBnXkFtZTgwNzU1NzE3MjE@._V1_.jpg', u'width': 1390, u'height': 2048}, u'num_votes': 543703, u'year': u'2014', u'can_rate': True, u'type': u'feature'}
{u'rating': 8.1, u'tconst': u'tt0266697', u'title': u'Kill Bill: Vol. 1', u'image': {u'url': u'http://ia.media-imdb.com/images/M/MV5BMTU1NDg1Mzg4M15BMl5BanBnXkFtZTYwMDExOTc3._V1_.jpg', u'width': 450, u'height': 702}, u'num_votes': 715098, u'year': u'2003', u'can_rate': True, u'type': u'feature'}
{u'rating': 8.2, u'tconst': u'tt1979320', u'title': u'Rush', u'image': {u'url': u'http://ia.media-imdb.com/images/M/MV5BMTQyMDE0MTY0OV5BMl5BanBnXkFtZTcwMjI2OTI0OQ@@._V1_.jpg', u'width': 1292, u'height': 2048}, u'num_votes': 300541, u'year': u'2013', u'can_rate': True, u'type': u'feature'}
{u'rating': 8.1, u'tconst': u'tt0079470', u'title': u'Life of Brian', u'image': {u'url': u'http://ia.media-imdb.com/images/M/MV5BMTM2NjQ4NDA0MV5BMl5BanBnXkFtZTcwMjM0Njk3OA@@._V1_.jpg', u'width': 350, u'height': 500}, u'num_votes': 265121, u'year': u'1979', u'can_rate': True, u'type': u'feature'}
{u'rating': 8.1, u'tconst': u'tt0395169', u'title': u'Hotel Rwanda', u'image': {u'url': u'http://ia.media-imdb.com/images/M/MV5BMTI2MzQyNTc1M15BMl5BanBnXkFtZTYwMjExNjc3._V1_.jpg', u'width': 333, u'height': 500}, u'num_votes': 258144, u'year': u'2004', u'can_rate': True, u'type': u'feature'}
{u'rating': 8.1, u'tconst': u'tt0469494', u'title': u'There Will Be Blood', u'image': {u'url': u'http://ia.media-imdb.com/images/M/MV5BMjA0NjE1ODEyNV5BMl5BanBnXkFtZTcwNDIzMzE5NQ@@._V1_.jpg', u'width': 1200, u'height': 1600}, u'num_votes': 362548, u'year': u'2007', u'can_rate': True, u'type': u'feature'}
{u'rating': 8.1, u'tconst': u'tt0033870', u'title': u'The Maltese Falcon', u'image': {u'url': u'http://ia.media-imdb.com/images/M/MV5BMTc4MDEzOTMwMl5BMl5BanBnXkFtZTgwMTc2NjgyMjE@._V1_.jpg', u'width': 338, u'height': 500}, u'num_votes': 110158, u'year': u'1941', u'can_rate': True, u'type': u'feature'}
{u'rating': 8.1, u'tconst': u'tt0091763', u'title': u'Platoon', u'image': {u'url': u'http://ia.media-imdb.com/images/M/MV5BNTU3NzY4ODY5MF5BMl5BanBnXkFtZTcwOTkzNzE1NA@@._V1_.jpg', u'width': 682, u'height': 1023}, u'num_votes': 284369, u'year': u'1986', u'can_rate': True, u'type': u'feature'}
{u'rating': 8.1, u'tconst': u'tt1392190', u'title': u'Mad Max: Fury Road', u'image': {u'url': u'http://ia.media-imdb.com/images/M/MV5BMTUyMTE0ODcxNF5BMl5BanBnXkFtZTgwODE4NDQzNTE@._V1_.jpg', u'width': 1407, u'height': 2048}, u'num_votes': 505498, u'year': u'2015', u'can_rate': True, u'type': u'feature'}
{u'rating': 8.1, u'tconst': u'tt1895587', u'title': u'Spotlight', u'image': {u'url': u'http://ia.media-imdb.com/images/M/MV5BMjIyOTM5OTIzNV5BMl5BanBnXkFtZTgwMDkzODE2NjE@._V1_.jpg', u'width': 1893, u'height': 2800}, u'num_votes': 149083, u'year': u'2015', u'can_rate': True, u'type': u'feature'}
{u'rating': 8.2, u'tconst': u'tt0046268', u'title': u'The Wages of Fear', u'image': {u'url': u'http://ia.media-imdb.com/images/M/MV5BMTQ5MzkyNDgyMF5BMl5BanBnXkFtZTgwODg2MTMzMjE@._V1_.jpg', u'width': 340, u'height': 500}, u'num_votes': 34308, u'year': u'1953', u'can_rate': True, u'type': u'feature'}
{u'rating': 8.1, u'tconst': u'tt0074958', u'title': u'Network', u'image': {u'url': u'http://ia.media-imdb.com/images/M/MV5BNzk5MjcxNTg2MF5BMl5BanBnXkFtZTgwMzY2MTUxMDE@._V1_.jpg', u'width': 373, u'height': 500}, u'num_votes': 100120, u'year': u'1976', u'can_rate': True, u'type': u'feature'}
{u'rating': 8.1, u'tconst': u'tt0064115', u'title': u'Butch Cassidy and the Sundance Kid', u'image': {u'url': u'http://ia.media-imdb.com/images/M/MV5BMTkyMTM2NDk5Nl5BMl5BanBnXkFtZTgwNzY1NzEyMDE@._V1_.jpg', u'width': 675, u'height': 1000}, u'num_votes': 147729, u'year': u'1969', u'can_rate': True, u'type': u'feature'}
{u'rating': 8.1, u'tconst': u'tt1663202', u'title': u'The Revenant', u'image': {u'url': u'http://ia.media-imdb.com/images/M/MV5BMjU4NDExNDM1NF5BMl5BanBnXkFtZTgwMDIyMTgxNzE@._V1_.jpg', u'width': 1382, u'height': 2048}, u'num_votes': 327711, u'year': u'2015', u'can_rate': True, u'type': u'feature'}
{u'rating': 8.1, u'tconst': u'tt0053198', u'title': u'The 400 Blows', u'image': {u'url': u'http://ia.media-imdb.com/images/M/MV5BMTQzNTMzOTA2Ml5BMl5BanBnXkFtZTgwNDQ2OTI3MjE@._V1_.jpg', u'width': 340, u'height': 500}, u'num_votes': 67998, u'year': u'1959', u'can_rate': True, u'type': u'feature'}
{u'rating': 8.1, u'tconst': u'tt0092005', u'title': u'Stand by Me', u'image': {u'url': u'http://ia.media-imdb.com/images/M/MV5BNDk2MTkyMTA1OF5BMl5BanBnXkFtZTcwOTc2Njk3OA@@._V1_.jpg', u'width': 333, u'height': 500}, u'num_votes': 263996, u'year': u'1986', u'can_rate': True, u'type': u'feature'}
{u'rating': 8.1, u'tconst': u'tt1130884', u'title': u'Shutter Island', u'image': {u'url': u'http://ia.media-imdb.com/images/M/MV5BMTMxMTIyNzMxMV5BMl5BanBnXkFtZTcwOTc4OTI3Mg@@._V1_.jpg', u'width': 501, u'height': 755}, u'num_votes': 758166, u'year': u'2010', u'can_rate': True, u'type': u'feature'}
{u'rating': 8.1, u'tconst': u'tt0107207', u'title': u'In the Name of the Father', u'image': {u'url': u'http://ia.media-imdb.com/images/M/MV5BMTcwNjMyMzI0OV5BMl5BanBnXkFtZTgwMDU4NjkzMTE@._V1_.jpg', u'width': 336, u'height': 500}, u'num_votes': 106003, u'year': u'1993', u'can_rate': True, u'type': u'feature'}
{u'rating': 8.2, u'tconst': u'tt0060827', u'title': u'Persona', u'image': {u'url': u'http://ia.media-imdb.com/images/M/MV5BMTc1OTgxNjYyNF5BMl5BanBnXkFtZTcwNjM2MjM2NQ@@._V1_.jpg', u'width': 649, u'height': 1023}, u'num_votes': 59152, u'year': u'1966', u'can_rate': True, u'type': u'feature'}
{u'rating': 8.1, u'tconst': u'tt2024544', u'title': u'12 Years a Slave', u'image': {u'url': u'http://ia.media-imdb.com/images/M/MV5BMjExMTEzODkyN15BMl5BanBnXkFtZTcwNTU4NTc4OQ@@._V1_.jpg', u'width': 509, u'height': 755}, u'num_votes': 420971, u'year': u'2013', u'can_rate': True, u'type': u'feature'}
{u'rating': 8.1, u'tconst': u'tt2278388', u'title': u'The Grand Budapest Hotel', u'image': {u'url': u'http://ia.media-imdb.com/images/M/MV5BMzM5NjUxOTEyMl5BMl5BanBnXkFtZTgwNjEyMDM0MDE@._V1_.jpg', u'width': 1350, u'height': 2000}, u'num_votes': 452243, u'year': u'2014', u'can_rate': True, u'type': u'feature'}
{u'rating': 8.1, u'tconst': u'tt0245712', u'title': u'Amores Perros', u'image': {u'url': u'http://ia.media-imdb.com/images/M/MV5BMjIyNTA5MzQ5N15BMl5BanBnXkFtZTcwNjIyNTgxMQ@@._V1_.jpg', u'width': 336, u'height': 475}, u'num_votes': 169517, u'year': u'2000', u'can_rate': True, u'type': u'feature'}
{u'rating': 8.1, u'tconst': u'tt0093779', u'title': u'The Princess Bride', u'image': {u'url': u'http://ia.media-imdb.com/images/M/MV5BMTkzMDgyNjQwM15BMl5BanBnXkFtZTgwNTg2Mjc1MDE@._V1_.jpg', u'width': 942, u'height': 1390}, u'num_votes': 286065, u'year': u'1987', u'can_rate': True, u'type': u'feature'}
{u'rating': 8.1, u'tconst': u'tt0405159', u'title': u'Million Dollar Baby', u'image': {u'url': u'http://ia.media-imdb.com/images/M/MV5BMTkxNzA1NDQxOV5BMl5BanBnXkFtZTcwNTkyMTIzMw@@._V1_.jpg', u'width': 1390, u'height': 2048}, u'num_votes': 469354, u'year': u'2004', u'can_rate': True, u'type': u'feature'}
{u'rating': 8.1, u'tconst': u'tt0052311', u'title': u'Touch of Evil', u'image': {u'url': u'http://ia.media-imdb.com/images/M/MV5BMTY3NjIwMDY4M15BMl5BanBnXkFtZTgwODMwODgyMTE@._V1_.jpg', u'width': 327, u'height': 490}, u'num_votes': 70958, u'year': u'1958', u'can_rate': True, u'type': u'feature'}
{u'rating': 8.1, u'tconst': u'tt0052618', u'title': u'Ben-Hur', u'image': {u'url': u'http://ia.media-imdb.com/images/M/MV5BNjg2NjA3NDY2OV5BMl5BanBnXkFtZTgwNzE3NTkxMTE@._V1_.jpg', u'width': 880, u'height': 1304}, u'num_votes': 155548, u'year': u'1959', u'can_rate': True, u'type': u'feature'}
{u'rating': 8.1, u'tconst': u'tt3011894', u'title': u'Wild Tales', u'image': {u'url': u'http://ia.media-imdb.com/images/M/MV5BNzAzMjA1ODAxOV5BMl5BanBnXkFtZTgwODg4NTQzNDE@._V1_.jpg', u'width': 1382, u'height': 2048}, u'num_votes': 80619, u'year': u'2014', u'can_rate': True, u'type': u'feature'}
{u'rating': 8.1, u'tconst': u'tt0075686', u'title': u'Annie Hall', u'image': {u'url': u'http://ia.media-imdb.com/images/M/MV5BMTU1NDM2MjkwM15BMl5BanBnXkFtZTcwODU3OTYwNA@@._V1_.jpg', u'width': 682, u'height': 1023}, u'num_votes': 187107, u'year': u'1977', u'can_rate': True, u'type': u'feature'}
{u'rating': 8.1, u'tconst': u'tt0032551', u'title': u'The Grapes of Wrath', u'image': {u'url': u'http://ia.media-imdb.com/images/M/MV5BMzgzNjcxNjg2M15BMl5BanBnXkFtZTcwMjQxNDQ3Mg@@._V1_.jpg', u'width': 671, u'height': 1000}, u'num_votes': 61189, u'year': u'1940', u'can_rate': True, u'type': u'feature'}
{u'rating': 8.2, u'tconst': u'tt1028532', u'title': u"Hachi: A Dog's Tale", u'image': {u'url': u'http://ia.media-imdb.com/images/M/MV5BMTAxMDA2MjM4NDReQTJeQWpwZ15BbWU3MDE0NTgxMTM@._V1_.jpg', u'width': 300, u'height': 430}, u'num_votes': 147187, u'year': u'2009', u'can_rate': True, u'type': u'feature'}
{u'rating': 8.1, u'tconst': u'tt0087544', u'title': u'Nausica\xe4 of the Valley of the Wind', u'image': {u'url': u'http://ia.media-imdb.com/images/M/MV5BMTM1NjIxNTY4OF5BMl5BanBnXkFtZTcwNDE5MDIyNw@@._V1_.jpg', u'width': 500, u'height': 703}, u'num_votes': 92661, u'year': u'1984', u'can_rate': True, u'type': u'feature'}
{u'rating': 8.2, u'tconst': u'tt0079944', u'title': u'Stalker', u'image': {u'url': u'http://ia.media-imdb.com/images/M/MV5BNDY2NjU0NDAxOF5BMl5BanBnXkFtZTgwNjQ4MTI2MTE@._V1_.jpg', u'width': 351, u'height': 500}, u'num_votes': 66017, u'year': u'1979', u'can_rate': True, u'type': u'feature'}
{u'rating': 8.1, u'tconst': u'tt0107290', u'title': u'Jurassic Park', u'image': {u'url': u'http://ia.media-imdb.com/images/M/MV5BMjM2MDgxMDg0Nl5BMl5BanBnXkFtZTgwNTM2OTM5NDE@._V1_.jpg', u'width': 667, u'height': 1000}, u'num_votes': 590463, u'year': u'1993', u'can_rate': True, u'type': u'feature'}
{u'rating': 8.1, u'tconst': u'tt0046911', u'title': u'Diabolique', u'image': {u'url': u'http://ia.media-imdb.com/images/M/MV5BMTcwNzc5MjI5Nl5BMl5BanBnXkFtZTYwNjIwMzc5._V1_.jpg', u'width': 337, u'height': 475}, u'num_votes': 40745, u'year': u'1955', u'can_rate': True, u'type': u'feature'}
{u'rating': 8.1, u'tconst': u'tt0083987', u'title': u'Gandhi', u'image': {u'url': u'http://ia.media-imdb.com/images/M/MV5BMTQyNTQ4MTAzNl5BMl5BanBnXkFtZTcwMjk2Njk3OA@@._V1_.jpg', u'width': 333, u'height': 500}, u'num_votes': 166902, u'year': u'1982', u'can_rate': True, u'type': u'feature'}
{u'rating': 8.1, u'tconst': u'tt0440963', u'title': u'The Bourne Ultimatum', u'image': {u'url': u'http://ia.media-imdb.com/images/M/MV5BMTgzNjMwOTM3N15BMl5BanBnXkFtZTcwMzA5MDY0MQ@@._V1_.jpg', u'width': 550, u'height': 815}, u'num_votes': 474248, u'year': u'2007', u'can_rate': True, u'type': u'feature'}
{u'rating': 8.1, u'tconst': u'tt0056801', u'title': u'8\xbd', u'image': {u'url': u'http://ia.media-imdb.com/images/M/MV5BMTQ4MTA0NjEzMF5BMl5BanBnXkFtZTgwMDg4NDYxMzE@._V1_.jpg', u'width': 1258, u'height': 1748}, u'num_votes': 76370, u'year': u'1963', u'can_rate': True, u'type': u'feature'}
{u'rating': 8.1, u'tconst': u'tt0112471', u'title': u'Before Sunrise', u'image': {u'url': u'http://ia.media-imdb.com/images/M/MV5BMTQyMTM3MTQxMl5BMl5BanBnXkFtZTcwMDAzNjQ4Mg@@._V1_.jpg', u'width': 346, u'height': 500}, u'num_votes': 176787, u'year': u'1995', u'can_rate': True, u'type': u'feature'}
{u'rating': 8.1, u'tconst': u'tt0246578', u'title': u'Donnie Darko', u'image': {u'url': u'http://ia.media-imdb.com/images/M/MV5BMTczMzE4Nzk3N15BMl5BanBnXkFtZTcwNDg5Mjc4NA@@._V1_.jpg', u'width': 1382, u'height': 2048}, u'num_votes': 565971, u'year': u'2001', u'can_rate': True, u'type': u'feature'}
{u'rating': 8.1, u'tconst': u'tt0032138', u'title': u'The Wizard of Oz', u'image': {u'url': u'http://ia.media-imdb.com/images/M/MV5BMTU0MTA2OTIwNF5BMl5BanBnXkFtZTcwMzA0Njk3OA@@._V1_.jpg', u'width': 371, u'height': 500}, u'num_votes': 283940, u'year': u'1939', u'can_rate': True, u'type': u'feature'}
{u'rating': 8.1, u'tconst': u'tt0075148', u'title': u'Rocky', u'image': {u'url': u'http://ia.media-imdb.com/images/M/MV5BMTY5MDMzODUyOF5BMl5BanBnXkFtZTcwMTQ3NTMyNA@@._V1_.jpg', u'width': 682, u'height': 1023}, u'num_votes': 362402, u'year': u'1976', u'can_rate': True, u'type': u'feature'}
{u'rating': 8.1, u'tconst': u'tt0120382', u'title': u'The Truman Show', u'image': {u'url': u'http://ia.media-imdb.com/images/M/MV5BMTg4NTU3NTAyMF5BMl5BanBnXkFtZTgwNjYwNzc3NjE@._V1_.jpg', u'width': 1012, u'height': 1500}, u'num_votes': 646410, u'year': u'1998', u'can_rate': True, u'type': u'feature'}
{u'rating': 8.1, u'tconst': u'tt0353969', u'title': u'Memories of Murder', u'image': {u'url': u'http://ia.media-imdb.com/images/M/MV5BMTI5OTA5MTI3OF5BMl5BanBnXkFtZTcwMjQyNzYzMQ@@._V1_.jpg', u'width': 382, u'height': 550}, u'num_votes': 63546, u'year': u'2003', u'can_rate': True, u'type': u'feature'}
{u'rating': 8.1, u'tconst': u'tt0036868', u'title': u'The Best Years of Our Lives', u'image': {u'url': u'http://ia.media-imdb.com/images/M/MV5BMTk1NTAxNzg3Nl5BMl5BanBnXkFtZTcwNjU4OTQwNw@@._V1_.jpg', u'width': 334, u'height': 500}, u'num_votes': 39220, u'year': u'1946', u'can_rate': True, u'type': u'feature'}
{u'rating': 8.1, u'tconst': u'tt0088247', u'title': u'The Terminator', u'image': {u'url': u'http://ia.media-imdb.com/images/M/MV5BODE1MDczNTUxOV5BMl5BanBnXkFtZTcwMTA0NDQyNA@@._V1_.jpg', u'width': 682, u'height': 1023}, u'num_votes': 582811, u'year': u'1984', u'can_rate': True, u'type': u'feature'}
{u'rating': 8.1, u'tconst': u'tt0401792', u'title': u'Sin City', u'image': {u'url': u'http://ia.media-imdb.com/images/M/MV5BMTI2NjUyMDUyMV5BMl5BanBnXkFtZTcwMzU0OTkyMQ@@._V1_.jpg', u'width': 350, u'height': 500}, u'num_votes': 643295, u'year': u'2005', u'can_rate': True, u'type': u'feature'}
{u'rating': 8.1, u'tconst': u'tt0114746', u'title': u'Twelve Monkeys', u'image': {u'url': u'http://ia.media-imdb.com/images/M/MV5BMjI4MDIxNjk2Ml5BMl5BanBnXkFtZTcwMTA3Njk3OA@@._V1_.jpg', u'width': 375, u'height': 500}, u'num_votes': 451039, u'year': u'1995', u'can_rate': True, u'type': u'feature'}
{u'rating': 8.1, u'tconst': u'tt0198781', u'title': u'Monsters, Inc.', u'image': {u'url': u'http://ia.media-imdb.com/images/M/MV5BMTY1NTI0ODUyOF5BMl5BanBnXkFtZTgwNTEyNjQ0MDE@._V1_.jpg', u'width': 675, u'height': 1000}, u'num_votes': 564023, u'year': u'2001', u'can_rate': True, u'type': u'feature'}
{u'rating': 8.1, u'tconst': u'tt1201607', u'title': u'Harry Potter and the Deathly Hallows: Part 2', u'image': {u'url': u'http://ia.media-imdb.com/images/M/MV5BMTY2MTk3MDQ1N15BMl5BanBnXkFtZTcwMzI4NzA2NQ@@._V1_.jpg', u'width': 1350, u'height': 2000}, u'num_votes': 523921, u'year': u'2011', u'can_rate': True, u'type': u'feature'}
{u'rating': 8.1, u'tconst': u'tt0044079', u'title': u'Strangers on a Train', u'image': {u'url': u'http://ia.media-imdb.com/images/M/MV5BMTcwNzk0MTQxMF5BMl5BanBnXkFtZTcwNjM5NTIwNA@@._V1_.jpg', u'width': 303, u'height': 500}, u'num_votes': 93295, u'year': u'1951', u'can_rate': True, u'type': u'feature'}
{u'rating': 8.1, u'tconst': u'tt0107048', u'title': u'Groundhog Day', u'image': {u'url': u'http://ia.media-imdb.com/images/M/MV5BMTU0MzQyNTExMV5BMl5BanBnXkFtZTgwMjA0Njk1MDE@._V1_.jpg', u'width': 335, u'height': 500}, u'num_votes': 424171, u'year': u'1993', u'can_rate': True, u'type': u'feature'}
{u'rating': 8.1, u'tconst': u'tt0338564', u'title': u'Infernal Affairs', u'image': {u'url': u'http://ia.media-imdb.com/images/M/MV5BMTc0Mjg2OTY3OV5BMl5BanBnXkFtZTcwNDA3Njk3OA@@._V1_.jpg', u'width': 375, u'height': 500}, u'num_votes': 89429, u'year': u'2002', u'can_rate': True, u'type': u'feature'}
{u'rating': 8, u'tconst': u'tt0073195', u'title': u'Jaws', u'image': {u'url': u'http://ia.media-imdb.com/images/M/MV5BNDcxODkyMjY4MF5BMl5BanBnXkFtZTgwOTk5NTc5MDE@._V1_.jpg', u'width': 1000, u'height': 1500}, u'num_votes': 400246, u'year': u'1975', u'can_rate': True, u'type': u'feature'}
{u'rating': 8.1, u'tconst': u'tt0113247', u'title': u'La Haine', u'image': {u'url': u'http://ia.media-imdb.com/images/M/MV5BMTY3OTAyOTMyM15BMl5BanBnXkFtZTcwNTMxMTI0MQ@@._V1_.jpg', u'width': 354, u'height': 500}, u'num_votes': 100222, u'year': u'1995', u'can_rate': True, u'type': u'feature'}
{u'rating': 8.1, u'tconst': u'tt0058946', u'title': u'The Battle of Algiers', u'image': {u'url': u'http://ia.media-imdb.com/images/M/MV5BMTIzMjI1OTQxNV5BMl5BanBnXkFtZTcwMzc3NTYyMQ@@._V1_.jpg', u'width': 300, u'height': 381}, u'num_votes': 35888, u'year': u'1966', u'can_rate': True, u'type': u'feature'}
{u'rating': 8.1, u'tconst': u'tt0072684', u'title': u'Barry Lyndon', u'image': {u'url': u'http://ia.media-imdb.com/images/M/MV5BMTczNzkyMjQ4N15BMl5BanBnXkFtZTcwOTQ2NjU4Mw@@._V1_.jpg', u'width': 333, u'height': 500}, u'num_votes': 98383, u'year': u'1975', u'can_rate': True, u'type': u'feature'}
{u'rating': 8.1, u'tconst': u'tt3659388', u'title': u'The Martian', u'image': {u'url': u'http://ia.media-imdb.com/images/M/MV5BMTc2MTQ3MDA1Nl5BMl5BanBnXkFtZTgwODA3OTI4NjE@._V1_.jpg', u'width': 865, u'height': 1280}, u'num_votes': 411743, u'year': u'2015', u'can_rate': True, u'type': u'feature'}
{u'rating': 8.1, u'tconst': u'tt1392214', u'title': u'Prisoners', u'image': {u'url': u'http://ia.media-imdb.com/images/M/MV5BMTg0NTIzMjQ1NV5BMl5BanBnXkFtZTcwNDc3MzM5OQ@@._V1_.jpg', u'width': 1384, u'height': 2048}, u'num_votes': 367498, u'year': u'2013', u'can_rate': True, u'type': u'feature'}
{u'rating': 8, u'tconst': u'tt0072890', u'title': u'Dog Day Afternoon', u'image': {u'url': u'http://ia.media-imdb.com/images/M/MV5BMTQyNjQ5NjczM15BMl5BanBnXkFtZTYwNDA4MTk4._V1_.jpg', u'width': 326, u'height': 475}, u'num_votes': 177823, u'year': u'1975', u'can_rate': True, u'type': u'feature'}
{u'rating': 8.1, u'tconst': u'tt0083922', u'title': u'Fanny and Alexander', u'image': {u'url': u'http://ia.media-imdb.com/images/M/MV5BOTUyODUwNjc0NV5BMl5BanBnXkFtZTcwMTk0MTcyMQ@@._V1_.jpg', u'width': 1000, u'height': 1400}, u'num_votes': 42008, u'year': u'1982', u'can_rate': True, u'type': u'feature'}
{u'rating': 8.1, u'tconst': u'tt1220719', u'title': u'Ip Man', u'image': {u'url': u'http://ia.media-imdb.com/images/M/MV5BMjE0NDUzMDcyOF5BMl5BanBnXkFtZTcwNzAxMTA2Mw@@._V1_.jpg', u'width': 1860, u'height': 2686}, u'num_votes': 160516, u'year': u'2008', u'can_rate': True, u'type': u'feature'}
{u'rating': 8.1, u'tconst': u'tt2084970', u'title': u'The Imitation Game', u'image': {u'url': u'http://ia.media-imdb.com/images/M/MV5BNDkwNTEyMzkzNl5BMl5BanBnXkFtZTgwNTAwNzk3MjE@._V1_.jpg', u'width': 460, u'height': 681}, u'num_votes': 437420, u'year': u'2014', u'can_rate': True, u'type': u'feature'}
{u'rating': 8.1, u'tconst': u'tt0848228', u'title': u'The Avengers', u'image': {u'url': u'http://ia.media-imdb.com/images/M/MV5BMTk2NTI1MTU4N15BMl5BanBnXkFtZTcwODg0OTY0Nw@@._V1_.jpg', u'width': 692, u'height': 1024}, u'num_votes': 960614, u'year': u'2012', u'can_rate': True, u'type': u'feature'}
{u'rating': 8.1, u'tconst': u'tt0325980', u'title': u'Pirates of the Caribbean: The Curse of the Black Pearl', u'image': {u'url': u'http://ia.media-imdb.com/images/M/MV5BMjAyNDM4MTc2N15BMl5BanBnXkFtZTYwNDk0Mjc3._V1_.jpg', u'width': 321, u'height': 475}, u'num_votes': 787729, u'year': u'2003', u'can_rate': True, u'type': u'feature'}
{u'rating': 8, u'tconst': u'tt1504320', u'title': u"The King's Speech", u'image': {u'url': u'http://ia.media-imdb.com/images/M/MV5BMzU5MjEwMTg2Nl5BMl5BanBnXkFtZTcwNzM3MTYxNA@@._V1_.jpg', u'width': 1401, u'height': 2048}, u'num_votes': 488304, u'year': u'2010', u'can_rate': True, u'type': u'feature'}
{u'rating': 8.1, u'tconst': u'tt1454029', u'title': u'The Help', u'image': {u'url': u'http://ia.media-imdb.com/images/M/MV5BMTM5OTMyMjIxOV5BMl5BanBnXkFtZTcwNzU4MjIwNQ@@._V1_.jpg', u'width': 1382, u'height': 2048}, u'num_votes': 309967, u'year': u'2011', u'can_rate': True, u'type': u'feature'}
{u'rating': 8, u'tconst': u'tt0058461', u'title': u'A Fistful of Dollars', u'image': {u'url': u'http://ia.media-imdb.com/images/M/MV5BMTAzODAxMzg1MzZeQTJeQWpwZ15BbWU3MDgwMzE5ODk@._V1_.jpg', u'width': 338, u'height': 500}, u'num_votes': 141673, u'year': u'1964', u'can_rate': True, u'type': u'feature'}
{u'rating': 8.1, u'tconst': u'tt2015381', u'title': u'Guardians of the Galaxy', u'image': {u'url': u'http://ia.media-imdb.com/images/M/MV5BMTAwMjU5OTgxNjZeQTJeQWpwZ15BbWU4MDUxNDYxODEx._V1_.jpg', u'width': 1382, u'height': 2048}, u'num_votes': 643207, u'year': u'2014', u'can_rate': True, u'type': u'feature'}
{u'rating': 8, u'tconst': u'tt0264464', u'title': u'Catch Me If You Can', u'image': {u'url': u'http://ia.media-imdb.com/images/M/MV5BMTY5MzYzNjc5NV5BMl5BanBnXkFtZTYwNTUyNTc2._V1_.jpg', u'width': 485, u'height': 719}, u'num_votes': 500556, u'year': u'2002', u'can_rate': True, u'type': u'feature'}
{u'rating': 8.1, u'tconst': u'tt0050613', u'title': u'Throne of Blood', u'image': {u'url': u'http://ia.media-imdb.com/images/M/MV5BMTM1MTk2NDIzOV5BMl5BanBnXkFtZTcwMTA5ODQxMQ@@._V1_.jpg', u'width': 337, u'height': 475}, u'num_votes': 30323, u'year': u'1957', u'can_rate': True, u'type': u'feature'}
{u'rating': 8.1, u'tconst': u'tt0092067', u'title': u'Castle in the Sky', u'image': {u'url': u'http://ia.media-imdb.com/images/M/MV5BMTU4MTUyMTc3MV5BMl5BanBnXkFtZTYwOTg4Mzk5._V1_.jpg', u'width': 334, u'height': 475}, u'num_votes': 95458, u'year': u'1986', u'can_rate': True, u'type': u'feature'}
{u'rating': 8.1, u'tconst': u'tt0046250', u'title': u'Roman Holiday', u'image': {u'url': u'http://ia.media-imdb.com/images/M/MV5BMTg1ODgzODA1Nl5BMl5BanBnXkFtZTcwNTI0MzU3Mg@@._V1_.jpg', u'width': 740, u'height': 1102}, u'num_votes': 97234, u'year': u'1953', u'can_rate': True, u'type': u'feature'}
{u'rating': 8.1, u'tconst': u'tt0044706', u'title': u'High Noon', u'image': {u'url': u'http://ia.media-imdb.com/images/M/MV5BMTUxMzg0MzIwM15BMl5BanBnXkFtZTgwOTU0MjkwMTE@._V1_.jpg', u'width': 343, u'height': 500}, u'num_votes': 78153, u'year': u'1952', u'can_rate': True, u'type': u'feature'}
{u'rating': 8.1, u'tconst': u'tt0028950', u'title': u'La Grande Illusion', u'image': {u'url': u'http://ia.media-imdb.com/images/M/MV5BMTg3MTI5NTk0N15BMl5BanBnXkFtZTgwMjU1MDM5MTE@._V1_.jpg', u'width': 885, u'height': 1200}, u'num_votes': 26127, u'year': u'1937', u'can_rate': True, u'type': u'feature'}
{u'rating': 8, u'tconst': u'tt0101414', u'title': u'Beauty and the Beast', u'image': {u'url': u'http://ia.media-imdb.com/images/M/MV5BMTkyMDgwODY0OV5BMl5BanBnXkFtZTgwODI5NTQ5MTE@._V1_.jpg', u'width': 337, u'height': 500}, u'num_votes': 298625, u'year': u'1991', u'can_rate': True, u'type': u'feature'}
{u'rating': 8.1, u'tconst': u'tt0038787', u'title': u'Notorious', u'image': {u'url': u'http://ia.media-imdb.com/images/M/MV5BMTY3NTAwMjk5OV5BMl5BanBnXkFtZTgwNDU5OTQzMTE@._V1_.jpg', u'width': 330, u'height': 500}, u'num_votes': 72262, u'year': u'1946', u'can_rate': True, u'type': u'feature'}
{u'rating': 8.1, u'tconst': u'tt0118694', u'title': u'In the Mood for Love', u'image': {u'url': u'http://ia.media-imdb.com/images/M/MV5BMTk0MjY3NjEzN15BMl5BanBnXkFtZTYwNTk2NDI5._V1._CR13,35,325,439_.jpg', u'width': 325, u'height': 439}, u'num_votes': 73041, u'year': u'2000', u'can_rate': True, u'type': u'feature'}
{u'rating': 8.1, u'tconst': u'tt0061184', u'title': u"Who's Afraid of Virginia Woolf?", u'image': {u'url': u'http://ia.media-imdb.com/images/M/MV5BMjIyMjgyNzA3OV5BMl5BanBnXkFtZTgwOTUxNzYxMTE@._V1_.jpg', u'width': 338, u'height': 500}, u'num_votes': 54953, u'year': u'1966', u'can_rate': True, u'type': u'feature'}
{u'rating': 8, u'tconst': u'tt0381681', u'title': u'Before Sunset', u'image': {u'url': u'http://ia.media-imdb.com/images/M/MV5BMTQ1MjAwNTM5Ml5BMl5BanBnXkFtZTYwNDM0MTc3._V1_.jpg', u'width': 485, u'height': 716}, u'num_votes': 163860, u'year': u'2004', u'can_rate': True, u'type': u'feature'}
{u'rating': 8.1, u'tconst': u'tt0094625', u'title': u'Akira', u'image': {u'url': u'http://ia.media-imdb.com/images/M/MV5BNTk0MjE2NDc1Nl5BMl5BanBnXkFtZTgwODM3NTU3MzE@._V1_.jpg', u'width': 230, u'height': 326}, u'num_votes': 102642, u'year': u'1988', u'can_rate': True, u'type': u'feature'}
{u'rating': 8.1, u'tconst': u'tt0374546', u'title': u'Spring, Summer, Fall, Winter... and Spring', u'image': {u'url': u'http://ia.media-imdb.com/images/M/MV5BMTI0ODMwOTIxOV5BMl5BanBnXkFtZTcwMzE2NDUyMQ@@._V1_.jpg', u'width': 972, u'height': 1440}, u'num_votes': 61366, u'year': u'2003', u'can_rate': True, u'type': u'feature'}
{u'rating': 8.1, u'tconst': u'tt1555149', u'title': u'Elite Squad: The Enemy Within', u'image': {u'url': u'http://ia.media-imdb.com/images/M/MV5BMjA0NjA2OTk2MV5BMl5BanBnXkFtZTcwNzIxNjk5Ng@@._V1_.jpg', u'width': 1386, u'height': 2048}, u'num_votes': 65185, u'year': u'2010', u'can_rate': True, u'type': u'feature'}
